"Id","Label"
0,"4"
1,"6"
2,"4"
3,"9"
4,"5"
5,"8"
6,"2"
7,"4"
8,"5"
9,"9"
10,"4"
11,"9"
12,"8"
13,"9"
14,"9"
15,"6"
16,"8"
17,"7"
18,"4"
19,"6"
20,"7"
21,"7"
22,"6"
23,"5"
24,"8"
25,"9"
26,"5"
27,"6"
28,"8"
29,"6"
30,"7"
31,"9"
32,"3"
33,"8"
34,"7"
35,"6"
36,"9"
37,"5"
38,"8"
39,"8"
40,"9"
41,"2"
42,"8"
43,"9"
44,"9"
45,"4"
46,"8"
47,"9"
48,"9"
49,"9"
50,"5"
51,"7"
52,"7"
53,"9"
54,"7"
55,"4"
56,"8"
57,"6"
58,"6"
59,"9"
60,"8"
61,"5"
62,"9"
63,"9"
64,"8"
65,"8"
66,"8"
67,"3"
68,"7"
69,"1"
70,"7"
71,"9"
72,"7"
73,"8"
74,"9"
75,"7"
76,"9"
77,"5"
78,"6"
79,"2"
80,"8"
81,"9"
82,"7"
83,"6"
84,"9"
85,"9"
86,"8"
87,"3"
88,"7"
89,"9"
90,"7"
91,"9"
92,"5"
93,"8"
94,"2"
95,"9"
96,"5"
97,"5"
98,"7"
99,"8"
100,"9"
101,"9"
102,"8"
103,"9"
104,"5"
105,"9"
106,"9"
107,"5"
108,"9"
109,"9"
110,"6"
111,"8"
112,"5"
113,"4"
114,"9"
115,"8"
116,"7"
117,"6"
118,"9"
119,"6"
120,"6"
121,"4"
122,"7"
123,"8"
124,"8"
125,"8"
126,"7"
127,"4"
128,"8"
129,"8"
130,"6"
131,"8"
132,"6"
133,"5"
134,"7"
135,"0"
136,"7"
137,"6"
138,"7"
139,"7"
140,"3"
141,"3"
142,"8"
143,"6"
144,"6"
145,"3"
146,"8"
147,"8"
148,"8"
149,"9"
150,"5"
151,"6"
152,"6"
153,"9"
154,"2"
155,"4"
156,"7"
157,"9"
158,"8"
159,"6"
160,"6"
161,"7"
162,"7"
163,"8"
164,"1"
165,"5"
166,"1"
167,"5"
168,"9"
169,"4"
170,"8"
171,"7"
172,"9"
173,"9"
174,"7"
175,"9"
176,"7"
177,"9"
178,"8"
179,"9"
180,"7"
181,"9"
182,"4"
183,"8"
184,"8"
185,"6"
186,"8"
187,"6"
188,"7"
189,"8"
190,"9"
191,"9"
192,"7"
193,"3"
194,"9"
195,"9"
196,"5"
197,"6"
198,"9"
199,"8"
200,"8"
201,"9"
202,"6"
203,"7"
204,"3"
205,"8"
206,"9"
207,"8"
208,"3"
209,"9"
210,"8"
211,"7"
212,"9"
213,"8"
214,"8"
215,"6"
216,"9"
217,"6"
218,"9"
219,"9"
220,"3"
221,"9"
222,"5"
223,"3"
224,"7"
225,"9"
226,"8"
227,"8"
228,"7"
229,"7"
230,"9"
231,"4"
232,"6"
233,"8"
234,"5"
235,"8"
236,"4"
237,"8"
238,"3"
239,"9"
240,"9"
241,"6"
242,"6"
243,"7"
244,"7"
245,"9"
246,"4"
247,"3"
248,"8"
249,"9"
250,"4"
251,"8"
252,"7"
253,"9"
254,"6"
255,"6"
256,"9"
257,"8"
258,"8"
259,"9"
260,"2"
261,"2"
262,"8"
263,"8"
264,"9"
265,"8"
266,"8"
267,"6"
268,"6"
269,"9"
270,"7"
271,"8"
272,"6"
273,"7"
274,"9"
275,"7"
276,"8"
277,"7"
278,"9"
279,"7"
280,"8"
281,"9"
282,"8"
283,"6"
284,"6"
285,"7"
286,"5"
287,"8"
288,"8"
289,"3"
290,"8"
291,"8"
292,"6"
293,"8"
294,"7"
295,"9"
296,"8"
297,"6"
298,"9"
299,"4"
300,"9"
301,"5"
302,"7"
303,"6"
304,"9"
305,"9"
306,"8"
307,"4"
308,"9"
309,"8"
310,"6"
311,"8"
312,"6"
313,"6"
314,"8"
315,"9"
316,"4"
317,"9"
318,"7"
319,"9"
320,"8"
321,"6"
322,"7"
323,"8"
324,"7"
325,"5"
326,"7"
327,"7"
328,"6"
329,"2"
330,"7"
331,"9"
332,"8"
333,"7"
334,"7"
335,"7"
336,"4"
337,"9"
338,"5"
339,"6"
340,"9"
341,"6"
342,"8"
343,"8"
344,"7"
345,"3"
346,"7"
347,"9"
348,"8"
349,"9"
350,"5"
351,"8"
352,"8"
353,"8"
354,"7"
355,"9"
356,"9"
357,"4"
358,"7"
359,"6"
360,"7"
361,"6"
362,"7"
363,"8"
364,"8"
365,"8"
366,"6"
367,"8"
368,"8"
369,"7"
370,"9"
371,"6"
372,"5"
373,"9"
374,"5"
375,"9"
376,"8"
377,"5"
378,"9"
379,"8"
380,"9"
381,"9"
382,"7"
383,"8"
384,"8"
385,"7"
386,"7"
387,"8"
388,"9"
389,"4"
390,"5"
391,"9"
392,"9"
393,"6"
394,"9"
395,"4"
396,"7"
397,"9"
398,"8"
399,"8"
400,"8"
401,"8"
402,"7"
403,"7"
404,"9"
405,"7"
406,"5"
407,"9"
408,"7"
409,"4"
410,"7"
411,"8"
412,"8"
413,"6"
414,"9"
415,"9"
416,"9"
417,"9"
418,"4"
419,"8"
420,"4"
421,"9"
422,"7"
423,"8"
424,"6"
425,"9"
426,"7"
427,"9"
428,"7"
429,"8"
430,"9"
431,"2"
432,"5"
433,"9"
434,"8"
435,"8"
436,"5"
437,"5"
438,"7"
439,"6"
440,"4"
441,"3"
442,"9"
443,"8"
444,"2"
445,"8"
446,"9"
447,"8"
448,"9"
449,"9"
450,"9"
451,"8"
452,"7"
453,"9"
454,"5"
455,"9"
456,"7"
457,"8"
458,"3"
459,"7"
460,"5"
461,"4"
462,"5"
463,"7"
464,"4"
465,"8"
466,"9"
467,"6"
468,"4"
469,"6"
470,"6"
471,"7"
472,"7"
473,"8"
474,"9"
475,"9"
476,"6"
477,"7"
478,"5"
479,"8"
480,"8"
481,"5"
482,"7"
483,"2"
484,"9"
485,"4"
486,"8"
487,"7"
488,"9"
489,"9"
490,"9"
491,"7"
492,"3"
493,"3"
494,"4"
495,"4"
496,"4"
497,"3"
498,"7"
499,"6"
500,"8"
501,"7"
502,"8"
503,"4"
504,"7"
505,"8"
506,"7"
507,"9"
508,"7"
509,"3"
510,"3"
511,"9"
512,"8"
513,"4"
514,"5"
515,"5"
516,"9"
517,"9"
518,"8"
519,"1"
520,"8"
521,"5"
522,"6"
523,"8"
524,"8"
525,"5"
526,"9"
527,"6"
528,"9"
529,"9"
530,"8"
531,"8"
532,"3"
533,"4"
534,"7"
535,"2"
536,"6"
537,"7"
538,"5"
539,"9"
540,"9"
541,"9"
542,"8"
543,"5"
544,"8"
545,"9"
546,"4"
547,"5"
548,"5"
549,"9"
550,"7"
551,"5"
552,"7"
553,"8"
554,"9"
555,"8"
556,"4"
557,"6"
558,"8"
559,"6"
560,"8"
561,"4"
562,"6"
563,"9"
564,"9"
565,"5"
566,"8"
567,"9"
568,"5"
569,"7"
570,"6"
571,"8"
572,"8"
573,"9"
574,"9"
575,"9"
576,"9"
577,"5"
578,"3"
579,"8"
580,"3"
581,"7"
582,"8"
583,"8"
584,"9"
585,"4"
586,"9"
587,"3"
588,"4"
589,"9"
590,"9"
591,"9"
592,"5"
593,"8"
594,"9"
595,"9"
596,"4"
597,"9"
598,"9"
599,"7"
600,"5"
601,"7"
602,"6"
603,"8"
604,"7"
605,"9"
606,"7"
607,"6"
608,"3"
609,"8"
610,"8"
611,"8"
612,"9"
613,"3"
614,"8"
615,"6"
616,"9"
617,"6"
618,"9"
619,"3"
620,"5"
621,"6"
622,"8"
623,"4"
624,"7"
625,"5"
626,"9"
627,"5"
628,"7"
629,"9"
630,"9"
631,"8"
632,"9"
633,"6"
634,"8"
635,"9"
636,"3"
637,"9"
638,"9"
639,"7"
640,"8"
641,"7"
642,"2"
643,"3"
644,"4"
645,"6"
646,"8"
647,"6"
648,"5"
649,"7"
650,"7"
651,"9"
652,"6"
653,"9"
654,"9"
655,"5"
656,"7"
657,"8"
658,"4"
659,"7"
660,"6"
661,"8"
662,"3"
663,"5"
664,"8"
665,"2"
666,"7"
667,"9"
668,"9"
669,"5"
670,"4"
671,"9"
672,"7"
673,"8"
674,"5"
675,"6"
676,"9"
677,"9"
678,"8"
679,"9"
680,"7"
681,"9"
682,"9"
683,"8"
684,"7"
685,"7"
686,"9"
687,"8"
688,"3"
689,"9"
690,"6"
691,"2"
692,"5"
693,"5"
694,"5"
695,"6"
696,"8"
697,"7"
698,"8"
699,"6"
700,"9"
701,"8"
702,"8"
703,"8"
704,"8"
705,"6"
706,"2"
707,"6"
708,"7"
709,"9"
710,"8"
711,"4"
712,"9"
713,"9"
714,"8"
715,"4"
716,"8"
717,"8"
718,"9"
719,"3"
720,"6"
721,"5"
722,"6"
723,"4"
724,"9"
725,"9"
726,"9"
727,"7"
728,"6"
729,"8"
730,"9"
731,"3"
732,"9"
733,"8"
734,"6"
735,"9"
736,"8"
737,"7"
738,"7"
739,"8"
740,"4"
741,"7"
742,"8"
743,"8"
744,"8"
745,"5"
746,"6"
747,"7"
748,"7"
749,"7"
750,"8"
751,"8"
752,"8"
753,"7"
754,"6"
755,"8"
756,"9"
757,"9"
758,"8"
759,"9"
760,"6"
761,"9"
762,"7"
763,"7"
764,"4"
765,"9"
766,"7"
767,"8"
768,"6"
769,"9"
770,"5"
771,"5"
772,"6"
773,"6"
774,"9"
775,"4"
776,"3"
777,"8"
778,"5"
779,"9"
780,"7"
781,"7"
782,"4"
783,"9"
784,"6"
785,"7"
786,"8"
787,"8"
788,"5"
789,"8"
790,"8"
791,"7"
792,"8"
793,"9"
794,"7"
795,"5"
796,"7"
797,"6"
798,"4"
799,"6"
800,"9"
801,"9"
802,"2"
803,"6"
804,"7"
805,"6"
806,"7"
807,"8"
808,"7"
809,"8"
810,"9"
811,"5"
812,"7"
813,"9"
814,"9"
815,"9"
816,"8"
817,"9"
818,"9"
819,"7"
820,"6"
821,"5"
822,"8"
823,"9"
824,"9"
825,"6"
826,"3"
827,"5"
828,"9"
829,"7"
830,"9"
831,"5"
832,"7"
833,"7"
834,"8"
835,"6"
836,"4"
837,"5"
838,"8"
839,"6"
840,"4"
841,"8"
842,"5"
843,"9"
844,"7"
845,"9"
846,"6"
847,"8"
848,"4"
849,"9"
850,"8"
851,"8"
852,"8"
853,"7"
854,"6"
855,"3"
856,"3"
857,"7"
858,"9"
859,"8"
860,"7"
861,"3"
862,"8"
863,"6"
864,"9"
865,"2"
866,"2"
867,"9"
868,"9"
869,"8"
870,"9"
871,"6"
872,"8"
873,"8"
874,"8"
875,"6"
876,"9"
877,"8"
878,"9"
879,"9"
880,"9"
881,"6"
882,"7"
883,"5"
884,"5"
885,"6"
886,"8"
887,"6"
888,"9"
889,"9"
890,"8"
891,"8"
892,"5"
893,"8"
894,"5"
895,"9"
896,"8"
897,"7"
898,"6"
899,"6"
900,"4"
901,"7"
902,"7"
903,"9"
904,"5"
905,"2"
906,"4"
907,"4"
908,"6"
909,"8"
910,"5"
911,"3"
912,"4"
913,"8"
914,"9"
915,"9"
916,"4"
917,"8"
918,"6"
919,"4"
920,"8"
921,"4"
922,"8"
923,"8"
924,"9"
925,"8"
926,"6"
927,"4"
928,"9"
929,"8"
930,"7"
931,"4"
932,"6"
933,"8"
934,"7"
935,"9"
936,"1"
937,"8"
938,"4"
939,"5"
940,"8"
941,"7"
942,"8"
943,"4"
944,"7"
945,"4"
946,"8"
947,"6"
948,"6"
949,"9"
950,"9"
951,"8"
952,"9"
953,"9"
954,"4"
955,"8"
956,"9"
957,"9"
958,"8"
959,"6"
960,"8"
961,"7"
962,"9"
963,"6"
964,"7"
965,"9"
966,"5"
967,"9"
968,"8"
969,"7"
970,"8"
971,"7"
972,"9"
973,"7"
974,"9"
975,"9"
976,"9"
977,"7"
978,"6"
979,"6"
980,"8"
981,"4"
982,"4"
983,"5"
984,"6"
985,"9"
986,"8"
987,"8"
988,"9"
989,"6"
990,"8"
991,"6"
992,"3"
993,"4"
994,"6"
995,"9"
996,"6"
997,"8"
998,"9"
999,"5"
1000,"9"
1001,"7"
1002,"9"
1003,"3"
1004,"8"
1005,"8"
1006,"4"
1007,"5"
1008,"7"
1009,"9"
1010,"3"
1011,"9"
1012,"3"
1013,"1"
1014,"9"
1015,"9"
1016,"6"
1017,"3"
1018,"9"
1019,"9"
1020,"7"
1021,"7"
1022,"5"
1023,"7"
1024,"7"
1025,"9"
1026,"7"
1027,"3"
1028,"7"
1029,"9"
1030,"8"
1031,"8"
1032,"8"
1033,"5"
1034,"9"
1035,"9"
1036,"5"
1037,"8"
1038,"9"
1039,"6"
1040,"7"
1041,"5"
1042,"8"
1043,"9"
1044,"8"
1045,"6"
1046,"9"
1047,"6"
1048,"4"
1049,"8"
1050,"7"
1051,"7"
1052,"6"
1053,"5"
1054,"7"
1055,"9"
1056,"9"
1057,"7"
1058,"8"
1059,"8"
1060,"8"
1061,"4"
1062,"9"
1063,"7"
1064,"7"
1065,"8"
1066,"8"
1067,"4"
1068,"2"
1069,"7"
1070,"2"
1071,"8"
1072,"6"
1073,"5"
1074,"8"
1075,"8"
1076,"2"
1077,"6"
1078,"9"
1079,"9"
1080,"7"
1081,"9"
1082,"9"
1083,"6"
1084,"5"
1085,"5"
1086,"4"
1087,"5"
1088,"9"
1089,"6"
1090,"8"
1091,"6"
1092,"9"
1093,"8"
1094,"9"
1095,"9"
1096,"4"
1097,"4"
1098,"9"
1099,"5"
1100,"9"
1101,"9"
1102,"7"
1103,"6"
1104,"7"
1105,"8"
1106,"8"
1107,"7"
1108,"9"
1109,"8"
1110,"7"
1111,"3"
1112,"6"
1113,"6"
1114,"7"
1115,"5"
1116,"9"
1117,"8"
1118,"9"
1119,"9"
1120,"6"
1121,"5"
1122,"9"
1123,"8"
1124,"6"
1125,"7"
1126,"9"
1127,"9"
1128,"9"
1129,"9"
1130,"9"
1131,"6"
1132,"8"
1133,"9"
1134,"9"
1135,"8"
1136,"9"
1137,"8"
1138,"8"
1139,"8"
1140,"5"
1141,"9"
1142,"9"
1143,"6"
1144,"7"
1145,"5"
1146,"4"
1147,"9"
1148,"9"
1149,"7"
1150,"7"
1151,"6"
1152,"4"
1153,"9"
1154,"3"
1155,"4"
1156,"9"
1157,"5"
1158,"8"
1159,"9"
1160,"5"
1161,"8"
1162,"8"
1163,"7"
1164,"6"
1165,"6"
1166,"7"
1167,"8"
1168,"7"
1169,"7"
1170,"9"
1171,"9"
1172,"2"
1173,"7"
1174,"8"
1175,"8"
1176,"8"
1177,"8"
1178,"5"
1179,"8"
1180,"1"
1181,"6"
1182,"3"
1183,"2"
1184,"9"
1185,"3"
1186,"7"
1187,"8"
1188,"5"
1189,"5"
1190,"7"
1191,"7"
1192,"9"
1193,"9"
1194,"7"
1195,"5"
1196,"4"
1197,"9"
1198,"5"
1199,"8"
1200,"9"
1201,"8"
1202,"9"
1203,"9"
1204,"8"
1205,"9"
1206,"9"
1207,"9"
1208,"9"
1209,"6"
1210,"7"
1211,"4"
1212,"9"
1213,"8"
1214,"7"
1215,"8"
1216,"7"
1217,"9"
1218,"8"
1219,"9"
1220,"8"
1221,"8"
1222,"4"
1223,"7"
1224,"9"
1225,"9"
1226,"6"
1227,"7"
1228,"5"
1229,"6"
1230,"9"
1231,"8"
1232,"7"
1233,"5"
1234,"9"
1235,"5"
1236,"5"
1237,"2"
1238,"1"
1239,"7"
1240,"7"
1241,"3"
1242,"9"
1243,"8"
1244,"6"
1245,"4"
1246,"7"
1247,"4"
1248,"6"
1249,"7"
1250,"9"
1251,"6"
1252,"6"
1253,"8"
1254,"8"
1255,"9"
1256,"6"
1257,"4"
1258,"7"
1259,"8"
1260,"8"
1261,"7"
1262,"4"
1263,"9"
1264,"9"
1265,"8"
1266,"7"
1267,"5"
1268,"8"
1269,"9"
1270,"2"
1271,"9"
1272,"9"
1273,"6"
1274,"6"
1275,"9"
1276,"4"
1277,"9"
1278,"8"
1279,"6"
1280,"7"
1281,"5"
1282,"4"
1283,"8"
1284,"3"
1285,"8"
1286,"8"
1287,"7"
1288,"9"
1289,"7"
1290,"8"
1291,"5"
1292,"7"
1293,"8"
1294,"4"
1295,"5"
1296,"4"
1297,"2"
1298,"8"
1299,"8"
1300,"9"
1301,"8"
1302,"8"
1303,"9"
1304,"9"
1305,"3"
1306,"9"
1307,"9"
1308,"8"
1309,"9"
1310,"2"
1311,"4"
1312,"7"
1313,"6"
1314,"8"
1315,"8"
1316,"8"
1317,"9"
1318,"7"
1319,"7"
1320,"5"
1321,"8"
1322,"9"
1323,"6"
1324,"9"
1325,"8"
1326,"7"
1327,"8"
1328,"7"
1329,"4"
1330,"8"
1331,"9"
1332,"6"
1333,"7"
1334,"9"
1335,"5"
1336,"9"
1337,"3"
1338,"3"
1339,"8"
1340,"9"
1341,"7"
1342,"7"
1343,"9"
1344,"7"
1345,"7"
1346,"7"
1347,"9"
1348,"5"
1349,"7"
1350,"7"
1351,"8"
1352,"6"
1353,"1"
1354,"5"
1355,"8"
1356,"7"
1357,"9"
1358,"4"
1359,"6"
1360,"7"
1361,"6"
1362,"7"
1363,"9"
1364,"2"
1365,"8"
1366,"6"
1367,"7"
1368,"9"
1369,"1"
1370,"6"
1371,"8"
1372,"7"
1373,"3"
1374,"5"
1375,"6"
1376,"8"
1377,"6"
1378,"4"
1379,"3"
1380,"9"
1381,"7"
1382,"5"
1383,"6"
1384,"8"
1385,"7"
1386,"8"
1387,"4"
1388,"6"
1389,"9"
1390,"5"
1391,"7"
1392,"8"
1393,"9"
1394,"8"
1395,"7"
1396,"8"
1397,"6"
1398,"8"
1399,"7"
1400,"8"
1401,"5"
1402,"9"
1403,"4"
1404,"9"
1405,"8"
1406,"7"
1407,"9"
1408,"7"
1409,"9"
1410,"7"
1411,"2"
1412,"9"
1413,"9"
1414,"6"
1415,"5"
1416,"3"
1417,"3"
1418,"9"
1419,"9"
1420,"7"
1421,"9"
1422,"6"
1423,"7"
1424,"8"
1425,"8"
1426,"4"
1427,"1"
1428,"6"
1429,"5"
1430,"8"
1431,"7"
1432,"6"
1433,"6"
1434,"7"
1435,"3"
1436,"8"
1437,"6"
1438,"8"
1439,"4"
1440,"7"
1441,"8"
1442,"8"
1443,"7"
1444,"7"
1445,"8"
1446,"5"
1447,"8"
1448,"9"
1449,"9"
1450,"7"
1451,"8"
1452,"9"
1453,"9"
1454,"7"
1455,"4"
1456,"4"
1457,"9"
1458,"9"
1459,"9"
1460,"6"
1461,"9"
1462,"6"
1463,"4"
1464,"7"
1465,"9"
1466,"8"
1467,"8"
1468,"7"
1469,"9"
1470,"5"
1471,"8"
1472,"4"
1473,"2"
1474,"9"
1475,"6"
1476,"6"
1477,"9"
1478,"5"
1479,"7"
1480,"8"
1481,"3"
1482,"9"
1483,"6"
1484,"8"
1485,"9"
1486,"1"
1487,"4"
1488,"6"
1489,"4"
1490,"5"
1491,"9"
1492,"4"
1493,"7"
1494,"9"
1495,"7"
1496,"9"
1497,"8"
1498,"9"
1499,"9"
1500,"7"
1501,"8"
1502,"9"
1503,"9"
1504,"9"
1505,"9"
1506,"7"
1507,"6"
1508,"5"
1509,"7"
1510,"9"
1511,"7"
1512,"7"
1513,"9"
1514,"5"
1515,"9"
1516,"9"
1517,"9"
1518,"7"
1519,"7"
1520,"6"
1521,"9"
1522,"9"
1523,"5"
1524,"4"
1525,"9"
1526,"5"
1527,"6"
1528,"5"
1529,"9"
1530,"6"
1531,"9"
1532,"6"
1533,"6"
1534,"9"
1535,"5"
1536,"9"
1537,"9"
1538,"3"
1539,"7"
1540,"1"
1541,"3"
1542,"9"
1543,"5"
1544,"9"
1545,"5"
1546,"8"
1547,"8"
1548,"7"
1549,"8"
1550,"7"
1551,"5"
1552,"7"
1553,"9"
1554,"6"
1555,"5"
1556,"9"
1557,"5"
1558,"7"
1559,"9"
1560,"4"
1561,"7"
1562,"9"
1563,"9"
1564,"9"
1565,"7"
1566,"7"
1567,"8"
1568,"9"
1569,"7"
1570,"7"
1571,"7"
1572,"3"
1573,"9"
1574,"5"
1575,"5"
1576,"4"
1577,"6"
1578,"8"
1579,"6"
1580,"8"
1581,"7"
1582,"7"
1583,"6"
1584,"4"
1585,"8"
1586,"7"
1587,"9"
1588,"9"
1589,"4"
1590,"9"
1591,"9"
1592,"9"
1593,"6"
1594,"9"
1595,"7"
1596,"9"
1597,"6"
1598,"9"
1599,"8"
1600,"8"
1601,"6"
1602,"8"
1603,"9"
1604,"6"
1605,"7"
1606,"9"
1607,"4"
1608,"8"
1609,"7"
1610,"4"
1611,"0"
1612,"9"
1613,"7"
1614,"7"
1615,"9"
1616,"6"
1617,"7"
1618,"7"
1619,"7"
1620,"8"
1621,"9"
1622,"4"
1623,"9"
1624,"9"
1625,"2"
1626,"9"
1627,"2"
1628,"3"
1629,"9"
1630,"9"
1631,"8"
1632,"7"
1633,"8"
1634,"8"
1635,"8"
1636,"7"
1637,"6"
1638,"9"
1639,"8"
1640,"8"
1641,"7"
1642,"6"
1643,"7"
1644,"4"
1645,"9"
1646,"9"
1647,"7"
1648,"8"
1649,"7"
1650,"5"
1651,"7"
1652,"7"
1653,"9"
1654,"8"
1655,"5"
1656,"8"
1657,"5"
1658,"9"
1659,"5"
1660,"7"
1661,"4"
1662,"8"
1663,"6"
1664,"6"
1665,"3"
1666,"9"
1667,"5"
1668,"8"
1669,"9"
1670,"4"
1671,"8"
1672,"9"
1673,"9"
1674,"9"
1675,"9"
1676,"9"
1677,"6"
1678,"7"
1679,"9"
1680,"8"
1681,"8"
1682,"9"
1683,"9"
1684,"9"
1685,"9"
1686,"7"
1687,"7"
1688,"4"
1689,"4"
1690,"6"
1691,"9"
1692,"9"
1693,"6"
1694,"9"
1695,"8"
1696,"9"
1697,"8"
1698,"6"
1699,"8"
1700,"9"
1701,"9"
1702,"4"
1703,"8"
1704,"4"
1705,"6"
1706,"7"
1707,"9"
1708,"9"
1709,"8"
1710,"8"
1711,"8"
1712,"8"
1713,"3"
1714,"6"
1715,"9"
1716,"8"
1717,"7"
1718,"9"
1719,"5"
1720,"7"
1721,"7"
1722,"6"
1723,"7"
1724,"8"
1725,"8"
1726,"9"
1727,"9"
1728,"7"
1729,"8"
1730,"8"
1731,"8"
1732,"6"
1733,"6"
1734,"7"
1735,"7"
1736,"5"
1737,"1"
1738,"6"
1739,"6"
1740,"7"
1741,"8"
1742,"9"
1743,"4"
1744,"7"
1745,"7"
1746,"8"
1747,"2"
1748,"8"
1749,"7"
1750,"9"
1751,"6"
1752,"8"
1753,"8"
1754,"4"
1755,"9"
1756,"7"
1757,"8"
1758,"8"
1759,"9"
1760,"5"
1761,"5"
1762,"3"
1763,"9"
1764,"8"
1765,"6"
1766,"9"
1767,"9"
1768,"8"
1769,"5"
1770,"6"
1771,"7"
1772,"9"
1773,"8"
1774,"9"
1775,"7"
1776,"6"
1777,"7"
1778,"8"
1779,"9"
1780,"7"
1781,"7"
1782,"6"
1783,"3"
1784,"6"
1785,"9"
1786,"7"
1787,"7"
1788,"7"
1789,"8"
1790,"9"
1791,"7"
1792,"5"
1793,"9"
1794,"8"
1795,"9"
1796,"8"
1797,"8"
1798,"8"
1799,"6"
1800,"8"
1801,"8"
1802,"8"
1803,"6"
1804,"9"
1805,"9"
1806,"6"
1807,"9"
1808,"5"
1809,"7"
1810,"5"
1811,"8"
1812,"9"
1813,"9"
1814,"7"
1815,"8"
1816,"5"
1817,"8"
1818,"7"
1819,"8"
1820,"8"
1821,"9"
1822,"8"
1823,"2"
1824,"8"
1825,"7"
1826,"8"
1827,"8"
1828,"9"
1829,"8"
1830,"8"
1831,"7"
1832,"9"
1833,"2"
1834,"2"
1835,"7"
1836,"8"
1837,"8"
1838,"7"
1839,"5"
1840,"2"
1841,"2"
1842,"9"
1843,"9"
1844,"4"
1845,"5"
1846,"7"
1847,"5"
1848,"9"
1849,"9"
1850,"6"
1851,"9"
1852,"5"
1853,"8"
1854,"6"
1855,"8"
1856,"7"
1857,"7"
1858,"4"
1859,"6"
1860,"5"
1861,"8"
1862,"7"
1863,"9"
1864,"8"
1865,"8"
1866,"8"
1867,"5"
1868,"8"
1869,"9"
1870,"5"
1871,"8"
1872,"8"
1873,"4"
1874,"6"
1875,"2"
1876,"8"
1877,"5"
1878,"3"
1879,"7"
1880,"4"
1881,"4"
1882,"8"
1883,"5"
1884,"7"
1885,"7"
1886,"6"
1887,"6"
1888,"7"
1889,"8"
1890,"9"
1891,"9"
1892,"2"
1893,"8"
1894,"8"
1895,"4"
1896,"8"
1897,"5"
1898,"9"
1899,"8"
1900,"3"
1901,"8"
1902,"9"
1903,"8"
1904,"6"
1905,"9"
1906,"7"
1907,"5"
1908,"7"
1909,"5"
1910,"7"
1911,"8"
1912,"6"
1913,"8"
1914,"9"
1915,"8"
1916,"4"
1917,"7"
1918,"2"
1919,"4"
1920,"8"
1921,"5"
1922,"9"
1923,"8"
1924,"7"
1925,"6"
1926,"7"
1927,"6"
1928,"9"
1929,"6"
1930,"9"
1931,"9"
1932,"9"
1933,"3"
1934,"3"
1935,"5"
1936,"6"
1937,"8"
1938,"9"
1939,"8"
1940,"9"
1941,"7"
1942,"7"
1943,"8"
1944,"4"
1945,"8"
1946,"9"
1947,"7"
1948,"9"
1949,"7"
1950,"5"
1951,"8"
1952,"9"
1953,"9"
1954,"9"
1955,"6"
1956,"9"
1957,"2"
1958,"2"
1959,"7"
1960,"7"
1961,"1"
1962,"9"
1963,"3"
1964,"9"
1965,"9"
1966,"8"
1967,"7"
1968,"7"
1969,"9"
1970,"6"
1971,"9"
1972,"9"
1973,"9"
1974,"6"
1975,"7"
1976,"4"
1977,"7"
1978,"5"
1979,"9"
1980,"9"
1981,"8"
1982,"8"
1983,"4"
1984,"7"
1985,"7"
1986,"6"
1987,"8"
1988,"2"
1989,"5"
1990,"6"
1991,"5"
1992,"8"
1993,"3"
1994,"8"
1995,"8"
1996,"8"
1997,"8"
1998,"2"
1999,"7"
2000,"9"
2001,"4"
2002,"3"
2003,"8"
2004,"5"
2005,"9"
2006,"7"
2007,"9"
2008,"9"
2009,"8"
2010,"4"
2011,"8"
2012,"3"
2013,"8"
2014,"8"
2015,"7"
2016,"7"
2017,"9"
2018,"8"
2019,"8"
2020,"8"
2021,"6"
2022,"9"
2023,"8"
2024,"4"
2025,"8"
2026,"9"
2027,"7"
2028,"7"
2029,"4"
2030,"7"
2031,"8"
2032,"9"
2033,"8"
2034,"4"
2035,"9"
2036,"9"
2037,"9"
2038,"6"
2039,"9"
2040,"8"
2041,"3"
2042,"4"
2043,"8"
2044,"7"
2045,"9"
2046,"7"
2047,"9"
2048,"5"
2049,"7"
2050,"5"
2051,"8"
2052,"7"
2053,"9"
2054,"6"
2055,"3"
2056,"7"
2057,"6"
2058,"7"
2059,"9"
2060,"9"
2061,"3"
2062,"9"
2063,"4"
2064,"9"
2065,"6"
2066,"8"
2067,"8"
2068,"8"
2069,"6"
2070,"8"
2071,"9"
2072,"6"
2073,"9"
2074,"9"
2075,"7"
2076,"6"
2077,"9"
2078,"6"
2079,"3"
2080,"9"
2081,"5"
2082,"6"
2083,"9"
2084,"9"
2085,"7"
2086,"8"
2087,"6"
2088,"9"
2089,"5"
2090,"8"
2091,"8"
2092,"6"
2093,"8"
2094,"8"
2095,"8"
2096,"9"
2097,"9"
2098,"9"
2099,"8"
2100,"9"
2101,"9"
2102,"8"
2103,"9"
2104,"8"
2105,"5"
2106,"9"
2107,"6"
2108,"8"
2109,"8"
2110,"7"
2111,"7"
2112,"9"
2113,"3"
2114,"9"
2115,"8"
2116,"3"
2117,"8"
2118,"6"
2119,"6"
2120,"9"
2121,"8"
2122,"4"
2123,"9"
2124,"9"
2125,"5"
2126,"7"
2127,"7"
2128,"9"
2129,"7"
2130,"9"
2131,"8"
2132,"9"
2133,"9"
2134,"7"
2135,"9"
2136,"7"
2137,"7"
2138,"6"
2139,"8"
2140,"8"
2141,"8"
2142,"6"
2143,"7"
2144,"8"
2145,"5"
2146,"3"
2147,"7"
2148,"9"
2149,"7"
2150,"9"
2151,"5"
2152,"7"
2153,"3"
2154,"8"
2155,"7"
2156,"8"
2157,"7"
2158,"6"
2159,"6"
2160,"9"
2161,"6"
2162,"9"
2163,"5"
2164,"8"
2165,"2"
2166,"1"
2167,"5"
2168,"8"
2169,"8"
2170,"7"
2171,"9"
2172,"9"
2173,"5"
2174,"9"
2175,"8"
2176,"9"
2177,"7"
2178,"6"
2179,"3"
2180,"9"
2181,"3"
2182,"8"
2183,"6"
2184,"9"
2185,"4"
2186,"9"
2187,"7"
2188,"9"
2189,"9"
2190,"9"
2191,"8"
2192,"9"
2193,"9"
2194,"3"
2195,"6"
2196,"9"
2197,"4"
2198,"4"
2199,"8"
2200,"9"
2201,"8"
2202,"7"
2203,"9"
2204,"8"
2205,"9"
2206,"8"
2207,"9"
2208,"9"
2209,"9"
2210,"9"
2211,"9"
2212,"7"
2213,"8"
2214,"9"
2215,"3"
2216,"9"
2217,"8"
2218,"7"
2219,"3"
2220,"7"
2221,"9"
2222,"7"
2223,"3"
2224,"7"
2225,"4"
2226,"4"
2227,"8"
2228,"8"
2229,"6"
2230,"6"
2231,"3"
2232,"8"
2233,"8"
2234,"9"
2235,"8"
2236,"4"
2237,"7"
2238,"7"
2239,"7"
2240,"8"
2241,"8"
2242,"9"
2243,"8"
2244,"8"
2245,"7"
2246,"8"
2247,"6"
2248,"9"
2249,"8"
2250,"6"
2251,"9"
2252,"9"
2253,"9"
2254,"6"
2255,"9"
2256,"9"
2257,"9"
2258,"7"
2259,"8"
2260,"9"
2261,"9"
2262,"6"
2263,"3"
2264,"8"
2265,"8"
2266,"9"
2267,"6"
2268,"8"
2269,"9"
2270,"8"
2271,"8"
2272,"7"
2273,"6"
2274,"4"
2275,"9"
2276,"8"
2277,"7"
2278,"4"
2279,"6"
2280,"9"
2281,"8"
2282,"6"
2283,"5"
2284,"9"
2285,"8"
2286,"4"
2287,"8"
2288,"8"
2289,"8"
2290,"6"
2291,"7"
2292,"7"
2293,"8"
2294,"6"
2295,"9"
2296,"6"
2297,"7"
2298,"7"
2299,"8"
2300,"7"
2301,"6"
2302,"5"
2303,"7"
2304,"7"
2305,"9"
2306,"9"
2307,"9"
2308,"6"
2309,"9"
2310,"9"
2311,"9"
2312,"7"
2313,"3"
2314,"6"
2315,"9"
2316,"8"
2317,"7"
2318,"6"
2319,"9"
2320,"9"
2321,"6"
2322,"8"
2323,"9"
2324,"9"
2325,"7"
2326,"6"
2327,"8"
2328,"6"
2329,"8"
2330,"2"
2331,"4"
2332,"9"
2333,"6"
2334,"7"
2335,"5"
2336,"6"
2337,"9"
2338,"9"
2339,"9"
2340,"5"
2341,"6"
2342,"9"
2343,"8"
2344,"6"
2345,"8"
2346,"7"
2347,"8"
2348,"8"
2349,"4"
2350,"9"
2351,"9"
2352,"9"
2353,"9"
2354,"5"
2355,"7"
2356,"7"
2357,"9"
2358,"7"
2359,"7"
2360,"4"
2361,"4"
2362,"9"
2363,"6"
2364,"9"
2365,"9"
2366,"7"
2367,"9"
2368,"4"
2369,"8"
2370,"9"
2371,"9"
2372,"8"
2373,"6"
2374,"4"
2375,"9"
2376,"5"
2377,"9"
2378,"7"
2379,"9"
2380,"9"
2381,"5"
2382,"9"
2383,"5"
2384,"3"
2385,"9"
2386,"9"
2387,"9"
2388,"5"
2389,"9"
2390,"9"
2391,"9"
2392,"9"
2393,"8"
2394,"7"
2395,"7"
2396,"8"
2397,"8"
2398,"7"
2399,"9"
2400,"9"
2401,"7"
2402,"4"
2403,"9"
2404,"1"
2405,"9"
2406,"5"
2407,"6"
2408,"9"
2409,"6"
2410,"5"
2411,"9"
2412,"9"
2413,"6"
2414,"3"
2415,"9"
2416,"8"
2417,"8"
2418,"8"
2419,"5"
2420,"8"
2421,"9"
2422,"8"
2423,"8"
2424,"4"
2425,"3"
2426,"5"
2427,"9"
2428,"4"
2429,"7"
2430,"7"
2431,"7"
2432,"3"
2433,"9"
2434,"9"
2435,"8"
2436,"7"
2437,"6"
2438,"9"
2439,"9"
2440,"8"
2441,"6"
2442,"7"
2443,"9"
2444,"7"
2445,"9"
2446,"9"
2447,"9"
2448,"7"
2449,"9"
2450,"9"
2451,"3"
2452,"2"
2453,"8"
2454,"6"
2455,"2"
2456,"1"
2457,"5"
2458,"9"
2459,"7"
2460,"6"
2461,"9"
2462,"9"
2463,"4"
2464,"8"
2465,"8"
2466,"4"
2467,"8"
2468,"7"
2469,"4"
2470,"9"
2471,"6"
2472,"7"
2473,"9"
2474,"2"
2475,"2"
2476,"8"
2477,"8"
2478,"6"
2479,"9"
2480,"9"
2481,"6"
2482,"6"
2483,"6"
2484,"9"
2485,"8"
2486,"8"
2487,"8"
2488,"8"
2489,"4"
2490,"1"
2491,"9"
2492,"6"
2493,"9"
2494,"9"
2495,"8"
2496,"8"
2497,"7"
2498,"9"
2499,"7"
2500,"7"
2501,"7"
2502,"8"
2503,"6"
2504,"6"
2505,"7"
2506,"8"
2507,"7"
2508,"7"
2509,"8"
2510,"9"
2511,"9"
2512,"8"
2513,"8"
2514,"4"
2515,"9"
2516,"8"
2517,"9"
2518,"7"
2519,"5"
2520,"9"
2521,"5"
2522,"7"
2523,"7"
2524,"8"
2525,"6"
2526,"7"
2527,"9"
2528,"9"
2529,"3"
2530,"9"
2531,"8"
2532,"1"
2533,"3"
2534,"9"
2535,"6"
2536,"5"
2537,"9"
2538,"3"
2539,"9"
2540,"9"
2541,"5"
2542,"7"
2543,"4"
2544,"8"
2545,"6"
2546,"7"
2547,"6"
2548,"4"
2549,"8"
2550,"5"
2551,"4"
2552,"2"
2553,"9"
2554,"9"
2555,"9"
2556,"7"
2557,"6"
2558,"8"
2559,"7"
2560,"8"
2561,"7"
2562,"3"
2563,"9"
2564,"9"
2565,"6"
2566,"7"
2567,"7"
2568,"9"
2569,"7"
2570,"8"
2571,"6"
2572,"9"
2573,"7"
2574,"6"
2575,"8"
2576,"4"
2577,"8"
2578,"9"
2579,"8"
2580,"8"
2581,"9"
2582,"7"
2583,"3"
2584,"7"
2585,"8"
2586,"8"
2587,"9"
2588,"8"
2589,"6"
2590,"6"
2591,"5"
2592,"3"
2593,"8"
2594,"9"
2595,"9"
2596,"9"
2597,"3"
2598,"9"
2599,"8"
2600,"7"
2601,"7"
2602,"9"
2603,"9"
2604,"6"
2605,"8"
2606,"6"
2607,"9"
2608,"8"
2609,"7"
2610,"9"
2611,"9"
2612,"8"
2613,"9"
2614,"6"
2615,"6"
2616,"4"
2617,"9"
2618,"9"
2619,"4"
2620,"9"
2621,"9"
2622,"3"
2623,"5"
2624,"8"
2625,"8"
2626,"8"
2627,"5"
2628,"9"
2629,"9"
2630,"5"
2631,"9"
2632,"7"
2633,"9"
2634,"9"
2635,"9"
2636,"7"
2637,"5"
2638,"9"
2639,"9"
2640,"5"
2641,"6"
2642,"9"
2643,"9"
2644,"8"
2645,"8"
2646,"5"
2647,"6"
2648,"9"
2649,"6"
2650,"6"
2651,"8"
2652,"7"
2653,"5"
2654,"6"
2655,"9"
2656,"8"
2657,"9"
2658,"3"
2659,"5"
2660,"5"
2661,"6"
2662,"7"
2663,"0"
2664,"3"
2665,"9"
2666,"8"
2667,"7"
2668,"7"
2669,"8"
2670,"7"
2671,"3"
2672,"8"
2673,"9"
2674,"8"
2675,"2"
2676,"9"
2677,"9"
2678,"8"
2679,"5"
2680,"6"
2681,"8"
2682,"7"
2683,"9"
2684,"8"
2685,"2"
2686,"8"
2687,"6"
2688,"6"
2689,"5"
2690,"7"
2691,"9"
2692,"9"
2693,"8"
2694,"4"
2695,"5"
2696,"4"
2697,"8"
2698,"9"
2699,"5"
2700,"8"
2701,"7"
2702,"9"
2703,"9"
2704,"6"
2705,"8"
2706,"9"
2707,"3"
2708,"8"
2709,"8"
2710,"9"
2711,"8"
2712,"6"
2713,"7"
2714,"8"
2715,"5"
2716,"9"
2717,"6"
2718,"8"
2719,"8"
2720,"6"
2721,"7"
2722,"9"
2723,"8"
2724,"7"
2725,"9"
2726,"4"
2727,"4"
2728,"8"
2729,"4"
2730,"3"
2731,"8"
2732,"8"
2733,"8"
2734,"7"
2735,"6"
2736,"8"
2737,"9"
2738,"2"
2739,"9"
2740,"7"
2741,"9"
2742,"8"
2743,"1"
2744,"9"
2745,"1"
2746,"7"
2747,"6"
2748,"7"
2749,"6"
2750,"8"
2751,"7"
2752,"9"
2753,"8"
2754,"6"
2755,"9"
2756,"9"
2757,"7"
2758,"5"
2759,"8"
2760,"9"
2761,"7"
2762,"3"
2763,"7"
2764,"3"
2765,"6"
2766,"5"
2767,"8"
2768,"8"
2769,"6"
2770,"6"
2771,"6"
2772,"7"
2773,"7"
2774,"8"
2775,"3"
2776,"6"
2777,"6"
2778,"2"
2779,"9"
2780,"7"
2781,"6"
2782,"8"
2783,"2"
2784,"9"
2785,"6"
2786,"6"
2787,"6"
2788,"4"
2789,"6"
2790,"9"
2791,"7"
2792,"9"
2793,"9"
2794,"7"
2795,"7"
2796,"3"
2797,"2"
2798,"7"
2799,"7"
2800,"7"
2801,"7"
2802,"7"
2803,"7"
2804,"9"
2805,"3"
2806,"7"
2807,"9"
2808,"9"
2809,"3"
2810,"7"
2811,"5"
2812,"4"
2813,"7"
2814,"9"
2815,"8"
2816,"9"
2817,"4"
2818,"6"
2819,"6"
2820,"3"
2821,"7"
2822,"8"
2823,"9"
2824,"4"
2825,"4"
2826,"1"
2827,"9"
2828,"8"
2829,"9"
2830,"7"
2831,"7"
2832,"9"
2833,"7"
2834,"8"
2835,"9"
2836,"8"
2837,"6"
2838,"9"
2839,"6"
2840,"6"
2841,"8"
2842,"1"
2843,"9"
2844,"7"
2845,"9"
2846,"9"
2847,"7"
2848,"3"
2849,"6"
2850,"6"
2851,"7"
2852,"7"
2853,"9"
2854,"6"
2855,"9"
2856,"6"
2857,"9"
2858,"7"
2859,"6"
2860,"9"
2861,"9"
2862,"3"
2863,"9"
2864,"8"
2865,"4"
2866,"4"
2867,"5"
2868,"8"
2869,"5"
2870,"6"
2871,"8"
2872,"4"
2873,"9"
2874,"4"
2875,"7"
2876,"8"
2877,"7"
2878,"6"
2879,"6"
2880,"9"
2881,"8"
2882,"7"
2883,"8"
2884,"5"
2885,"9"
2886,"8"
2887,"9"
2888,"9"
2889,"9"
2890,"7"
2891,"6"
2892,"8"
2893,"3"
2894,"9"
2895,"4"
2896,"3"
2897,"6"
2898,"6"
2899,"4"
2900,"6"
2901,"5"
2902,"8"
2903,"7"
2904,"8"
2905,"8"
2906,"7"
2907,"5"
2908,"4"
2909,"7"
2910,"7"
2911,"9"
2912,"8"
2913,"8"
2914,"5"
2915,"7"
2916,"7"
2917,"7"
2918,"7"
2919,"7"
2920,"9"
2921,"7"
2922,"4"
2923,"2"
2924,"7"
2925,"5"
2926,"3"
2927,"9"
2928,"9"
2929,"8"
2930,"9"
2931,"7"
2932,"9"
2933,"6"
2934,"3"
2935,"6"
2936,"8"
2937,"5"
2938,"9"
2939,"7"
2940,"9"
2941,"6"
2942,"8"
2943,"9"
2944,"6"
2945,"8"
2946,"7"
2947,"5"
2948,"3"
2949,"4"
2950,"9"
2951,"9"
2952,"4"
2953,"9"
2954,"6"
2955,"5"
2956,"9"
2957,"3"
2958,"9"
2959,"7"
2960,"9"
2961,"8"
2962,"5"
2963,"2"
2964,"7"
2965,"8"
2966,"9"
2967,"3"
2968,"4"
2969,"3"
2970,"2"
2971,"9"
2972,"4"
2973,"8"
2974,"5"
2975,"6"
2976,"5"
2977,"6"
2978,"8"
2979,"7"
2980,"5"
2981,"8"
2982,"5"
2983,"4"
2984,"9"
2985,"9"
2986,"9"
2987,"9"
2988,"8"
2989,"1"
2990,"4"
2991,"2"
2992,"6"
2993,"6"
2994,"4"
2995,"6"
2996,"4"
2997,"9"
2998,"5"
2999,"8"
3000,"2"
3001,"6"
3002,"6"
3003,"8"
3004,"7"
3005,"4"
3006,"8"
3007,"8"
3008,"7"
3009,"8"
3010,"6"
3011,"7"
3012,"8"
3013,"7"
3014,"8"
3015,"9"
3016,"5"
3017,"8"
3018,"8"
3019,"3"
3020,"6"
3021,"7"
3022,"8"
3023,"9"
3024,"8"
3025,"9"
3026,"9"
3027,"4"
3028,"8"
3029,"4"
3030,"7"
3031,"8"
3032,"9"
3033,"4"
3034,"9"
3035,"7"
3036,"9"
3037,"6"
3038,"9"
3039,"9"
3040,"6"
3041,"4"
3042,"7"
3043,"9"
3044,"8"
3045,"6"
3046,"6"
3047,"5"
3048,"8"
3049,"4"
3050,"6"
3051,"2"
3052,"8"
3053,"7"
3054,"0"
3055,"8"
3056,"6"
3057,"9"
3058,"6"
3059,"8"
3060,"8"
3061,"2"
3062,"6"
3063,"8"
3064,"8"
3065,"5"
3066,"4"
3067,"2"
3068,"3"
3069,"4"
3070,"4"
3071,"3"
3072,"9"
3073,"7"
3074,"7"
3075,"2"
3076,"7"
3077,"5"
3078,"9"
3079,"5"
3080,"9"
3081,"7"
3082,"9"
3083,"4"
3084,"7"
3085,"9"
3086,"9"
3087,"9"
3088,"9"
3089,"9"
3090,"6"
3091,"6"
3092,"3"
3093,"9"
3094,"9"
3095,"8"
3096,"6"
3097,"4"
3098,"6"
3099,"9"
3100,"7"
3101,"6"
3102,"9"
3103,"9"
3104,"4"
3105,"7"
3106,"6"
3107,"8"
3108,"7"
3109,"9"
3110,"9"
3111,"7"
3112,"8"
3113,"9"
3114,"6"
3115,"9"
3116,"9"
3117,"8"
3118,"7"
3119,"5"
3120,"4"
3121,"3"
3122,"9"
3123,"7"
3124,"4"
3125,"9"
3126,"2"
3127,"8"
3128,"8"
3129,"6"
3130,"4"
3131,"9"
3132,"8"
3133,"2"
3134,"6"
3135,"7"
3136,"6"
3137,"9"
3138,"8"
3139,"8"
3140,"4"
3141,"9"
3142,"9"
3143,"9"
3144,"5"
3145,"9"
3146,"8"
3147,"9"
3148,"8"
3149,"3"
3150,"6"
3151,"5"
3152,"9"
3153,"9"
3154,"6"
3155,"7"
3156,"9"
3157,"4"
3158,"6"
3159,"6"
3160,"6"
3161,"6"
3162,"8"
3163,"7"
3164,"7"
3165,"6"
3166,"6"
3167,"7"
3168,"5"
3169,"9"
3170,"6"
3171,"7"
3172,"9"
3173,"8"
3174,"5"
3175,"8"
3176,"9"
3177,"7"
3178,"3"
3179,"9"
3180,"6"
3181,"8"
3182,"7"
3183,"9"
3184,"4"
3185,"6"
3186,"5"
3187,"7"
3188,"9"
3189,"9"
3190,"9"
3191,"6"
3192,"7"
3193,"9"
3194,"9"
3195,"9"
3196,"3"
3197,"9"
3198,"8"
3199,"9"
3200,"5"
3201,"6"
3202,"8"
3203,"8"
3204,"7"
3205,"6"
3206,"9"
3207,"1"
3208,"9"
3209,"9"
3210,"9"
3211,"7"
3212,"2"
3213,"5"
3214,"9"
3215,"7"
3216,"9"
3217,"8"
3218,"7"
3219,"4"
3220,"8"
3221,"9"
3222,"9"
3223,"1"
3224,"6"
3225,"9"
3226,"9"
3227,"3"
3228,"9"
3229,"5"
3230,"6"
3231,"8"
3232,"9"
3233,"2"
3234,"9"
3235,"6"
3236,"6"
3237,"8"
3238,"9"
3239,"3"
3240,"9"
3241,"4"
3242,"3"
3243,"1"
3244,"8"
3245,"9"
3246,"8"
3247,"7"
3248,"8"
3249,"5"
3250,"6"
3251,"8"
3252,"4"
3253,"6"
3254,"7"
3255,"9"
3256,"8"
3257,"9"
3258,"3"
3259,"5"
3260,"4"
3261,"7"
3262,"8"
3263,"6"
3264,"8"
3265,"6"
3266,"7"
3267,"5"
3268,"6"
3269,"6"
3270,"8"
3271,"9"
3272,"6"
3273,"2"
3274,"9"
3275,"9"
3276,"7"
3277,"7"
3278,"9"
3279,"9"
3280,"9"
3281,"7"
3282,"8"
3283,"9"
3284,"9"
3285,"3"
3286,"8"
3287,"4"
3288,"9"
3289,"7"
3290,"4"
3291,"5"
3292,"6"
3293,"2"
3294,"5"
3295,"5"
3296,"9"
3297,"6"
3298,"6"
3299,"9"
3300,"9"
3301,"4"
3302,"6"
3303,"7"
3304,"9"
3305,"9"
3306,"8"
3307,"9"
3308,"2"
3309,"8"
3310,"9"
3311,"6"
3312,"7"
3313,"0"
3314,"5"
3315,"8"
3316,"5"
3317,"9"
3318,"8"
3319,"6"
3320,"8"
3321,"8"
3322,"7"
3323,"9"
3324,"4"
3325,"9"
3326,"9"
3327,"7"
3328,"8"
3329,"6"
3330,"7"
3331,"8"
3332,"6"
3333,"9"
3334,"2"
3335,"7"
3336,"4"
3337,"7"
3338,"7"
3339,"9"
3340,"9"
3341,"2"
3342,"4"
3343,"2"
3344,"7"
3345,"8"
3346,"4"
3347,"9"
3348,"4"
3349,"9"
3350,"5"
3351,"8"
3352,"9"
3353,"8"
3354,"5"
3355,"6"
3356,"5"
3357,"9"
3358,"7"
3359,"7"
3360,"8"
3361,"2"
3362,"3"
3363,"9"
3364,"8"
3365,"8"
3366,"5"
3367,"6"
3368,"9"
3369,"8"
3370,"3"
3371,"4"
3372,"9"
3373,"9"
3374,"5"
3375,"9"
3376,"9"
3377,"6"
3378,"6"
3379,"7"
3380,"7"
3381,"3"
3382,"9"
3383,"6"
3384,"9"
3385,"6"
3386,"9"
3387,"9"
3388,"7"
3389,"7"
3390,"9"
3391,"4"
3392,"8"
3393,"9"
3394,"9"
3395,"5"
3396,"8"
3397,"5"
3398,"5"
3399,"3"
3400,"9"
3401,"9"
3402,"8"
3403,"8"
3404,"9"
3405,"9"
3406,"5"
3407,"5"
3408,"6"
3409,"3"
3410,"5"
3411,"9"
3412,"2"
3413,"6"
3414,"8"
3415,"6"
3416,"6"
3417,"6"
3418,"6"
3419,"4"
3420,"6"
3421,"6"
3422,"1"
3423,"8"
3424,"3"
3425,"6"
3426,"9"
3427,"2"
3428,"8"
3429,"5"
3430,"9"
3431,"9"
3432,"6"
3433,"8"
3434,"7"
3435,"8"
3436,"4"
3437,"2"
3438,"9"
3439,"1"
3440,"7"
3441,"7"
3442,"6"
3443,"7"
3444,"7"
3445,"3"
3446,"8"
3447,"7"
3448,"8"
3449,"9"
3450,"6"
3451,"7"
3452,"5"
3453,"8"
3454,"8"
3455,"9"
3456,"7"
3457,"8"
3458,"5"
3459,"9"
3460,"8"
3461,"7"
3462,"3"
3463,"5"
3464,"8"
3465,"3"
3466,"8"
3467,"9"
3468,"9"
3469,"9"
3470,"9"
3471,"8"
3472,"8"
3473,"5"
3474,"7"
3475,"9"
3476,"5"
3477,"8"
3478,"8"
3479,"5"
3480,"7"
3481,"7"
3482,"9"
3483,"2"
3484,"8"
3485,"6"
3486,"7"
3487,"9"
3488,"4"
3489,"6"
3490,"8"
3491,"8"
3492,"7"
3493,"7"
3494,"9"
3495,"7"
3496,"7"
3497,"5"
3498,"4"
3499,"7"
3500,"9"
3501,"8"
3502,"6"
3503,"6"
3504,"4"
3505,"6"
3506,"9"
3507,"9"
3508,"9"
3509,"8"
3510,"5"
3511,"8"
3512,"7"
3513,"9"
3514,"7"
3515,"5"
3516,"8"
3517,"9"
3518,"9"
3519,"6"
3520,"9"
3521,"6"
3522,"4"
3523,"6"
3524,"3"
3525,"3"
3526,"7"
3527,"8"
3528,"7"
3529,"7"
3530,"7"
3531,"7"
3532,"3"
3533,"8"
3534,"8"
3535,"7"
3536,"5"
3537,"8"
3538,"6"
3539,"9"
3540,"8"
3541,"8"
3542,"9"
3543,"7"
3544,"7"
3545,"6"
3546,"8"
3547,"6"
3548,"8"
3549,"7"
3550,"9"
3551,"5"
3552,"7"
3553,"7"
3554,"8"
3555,"5"
3556,"5"
3557,"3"
3558,"5"
3559,"7"
3560,"8"
3561,"9"
3562,"5"
3563,"7"
3564,"6"
3565,"8"
3566,"5"
3567,"8"
3568,"8"
3569,"9"
3570,"8"
3571,"6"
3572,"9"
3573,"4"
3574,"4"
3575,"9"
3576,"9"
3577,"7"
3578,"8"
3579,"8"
3580,"8"
3581,"8"
3582,"5"
3583,"9"
3584,"9"
3585,"9"
3586,"6"
3587,"3"
3588,"8"
3589,"8"
3590,"8"
3591,"6"
3592,"4"
3593,"9"
3594,"7"
3595,"9"
3596,"6"
3597,"7"
3598,"2"
3599,"6"
3600,"5"
3601,"8"
3602,"9"
3603,"6"
3604,"9"
3605,"7"
3606,"8"
3607,"9"
3608,"4"
3609,"3"
3610,"7"
3611,"9"
3612,"2"
3613,"9"
3614,"7"
3615,"8"
3616,"6"
3617,"7"
3618,"8"
3619,"8"
3620,"2"
3621,"3"
3622,"8"
3623,"6"
3624,"7"
3625,"6"
3626,"7"
3627,"5"
3628,"8"
3629,"7"
3630,"7"
3631,"8"
3632,"8"
3633,"7"
3634,"8"
3635,"8"
3636,"9"
3637,"9"
3638,"6"
3639,"4"
3640,"5"
3641,"9"
3642,"6"
3643,"7"
3644,"9"
3645,"5"
3646,"7"
3647,"7"
3648,"8"
3649,"3"
3650,"8"
3651,"4"
3652,"8"
3653,"9"
3654,"8"
3655,"3"
3656,"6"
3657,"7"
3658,"5"
3659,"7"
3660,"9"
3661,"8"
3662,"6"
3663,"7"
3664,"9"
3665,"8"
3666,"8"
3667,"8"
3668,"8"
3669,"7"
3670,"6"
3671,"3"
3672,"7"
3673,"5"
3674,"9"
3675,"8"
3676,"8"
3677,"6"
3678,"9"
3679,"8"
3680,"5"
3681,"9"
3682,"7"
3683,"8"
3684,"6"
3685,"7"
3686,"7"
3687,"6"
3688,"3"
3689,"8"
3690,"6"
3691,"7"
3692,"8"
3693,"8"
3694,"5"
3695,"8"
3696,"5"
3697,"9"
3698,"8"
3699,"9"
3700,"8"
3701,"7"
3702,"2"
3703,"8"
3704,"7"
3705,"7"
3706,"3"
3707,"8"
3708,"7"
3709,"5"
3710,"6"
3711,"9"
3712,"5"
3713,"8"
3714,"6"
3715,"9"
3716,"9"
3717,"6"
3718,"3"
3719,"9"
3720,"8"
3721,"8"
3722,"8"
3723,"8"
3724,"9"
3725,"8"
3726,"9"
3727,"9"
3728,"7"
3729,"6"
3730,"3"
3731,"3"
3732,"6"
3733,"9"
3734,"9"
3735,"6"
3736,"5"
3737,"8"
3738,"2"
3739,"7"
3740,"9"
3741,"9"
3742,"9"
3743,"9"
3744,"9"
3745,"6"
3746,"9"
3747,"8"
3748,"6"
3749,"7"
3750,"7"
3751,"7"
3752,"8"
3753,"9"
3754,"9"
3755,"9"
3756,"4"
3757,"6"
3758,"9"
3759,"8"
3760,"6"
3761,"9"
3762,"5"
3763,"7"
3764,"4"
3765,"8"
3766,"9"
3767,"7"
3768,"5"
3769,"8"
3770,"6"
3771,"9"
3772,"9"
3773,"7"
3774,"9"
3775,"6"
3776,"7"
3777,"4"
3778,"8"
3779,"9"
3780,"5"
3781,"9"
3782,"8"
3783,"9"
3784,"9"
3785,"9"
3786,"9"
3787,"2"
3788,"6"
3789,"8"
3790,"7"
3791,"7"
3792,"2"
3793,"4"
3794,"9"
3795,"7"
3796,"4"
3797,"9"
3798,"9"
3799,"2"
3800,"4"
3801,"9"
3802,"5"
3803,"9"
3804,"9"
3805,"9"
3806,"6"
3807,"7"
3808,"4"
3809,"8"
3810,"5"
3811,"8"
3812,"8"
3813,"9"
3814,"9"
3815,"7"
3816,"8"
3817,"8"
3818,"5"
3819,"8"
3820,"7"
3821,"7"
3822,"8"
3823,"8"
3824,"9"
3825,"8"
3826,"8"
3827,"9"
3828,"1"
3829,"9"
3830,"5"
3831,"7"
3832,"6"
3833,"9"
3834,"9"
3835,"7"
3836,"7"
3837,"7"
3838,"9"
3839,"5"
3840,"5"
3841,"9"
3842,"8"
3843,"8"
3844,"8"
3845,"9"
3846,"4"
3847,"8"
3848,"6"
3849,"8"
3850,"3"
3851,"7"
3852,"8"
3853,"5"
3854,"4"
3855,"7"
3856,"9"
3857,"8"
3858,"9"
3859,"8"
3860,"7"
3861,"5"
3862,"8"
3863,"9"
3864,"8"
3865,"5"
3866,"8"
3867,"7"
3868,"9"
3869,"5"
3870,"7"
3871,"7"
3872,"7"
3873,"9"
3874,"7"
3875,"6"
3876,"2"
3877,"8"
3878,"9"
3879,"4"
3880,"8"
3881,"9"
3882,"3"
3883,"3"
3884,"8"
3885,"8"
3886,"6"
3887,"8"
3888,"8"
3889,"7"
3890,"8"
3891,"9"
3892,"6"
3893,"6"
3894,"8"
3895,"9"
3896,"9"
3897,"8"
3898,"5"
3899,"5"
3900,"7"
3901,"7"
3902,"7"
3903,"9"
3904,"8"
3905,"9"
3906,"9"
3907,"5"
3908,"8"
3909,"9"
3910,"6"
3911,"3"
3912,"7"
3913,"6"
3914,"5"
3915,"8"
3916,"8"
3917,"4"
3918,"9"
3919,"8"
3920,"9"
3921,"5"
3922,"6"
3923,"5"
3924,"9"
3925,"9"
3926,"2"
3927,"5"
3928,"9"
3929,"7"
3930,"8"
3931,"5"
3932,"5"
3933,"9"
3934,"6"
3935,"7"
3936,"9"
3937,"8"
3938,"8"
3939,"9"
3940,"6"
3941,"3"
3942,"7"
3943,"8"
3944,"7"
3945,"1"
3946,"6"
3947,"9"
3948,"5"
3949,"8"
3950,"6"
3951,"3"
3952,"7"
3953,"5"
3954,"5"
3955,"5"
3956,"5"
3957,"5"
3958,"9"
3959,"4"
3960,"9"
3961,"9"
3962,"5"
3963,"7"
3964,"4"
3965,"8"
3966,"8"
3967,"8"
3968,"9"
3969,"6"
3970,"9"
3971,"5"
3972,"5"
3973,"3"
3974,"4"
3975,"7"
3976,"7"
3977,"8"
3978,"9"
3979,"1"
3980,"9"
3981,"9"
3982,"1"
3983,"8"
3984,"4"
3985,"8"
3986,"7"
3987,"5"
3988,"7"
3989,"6"
3990,"9"
3991,"9"
3992,"6"
3993,"9"
3994,"8"
3995,"9"
3996,"6"
3997,"2"
3998,"9"
3999,"8"
4000,"9"
4001,"9"
4002,"7"
4003,"7"
4004,"8"
4005,"9"
4006,"8"
4007,"6"
4008,"6"
4009,"9"
4010,"8"
4011,"5"
4012,"7"
4013,"3"
4014,"7"
4015,"1"
4016,"9"
4017,"9"
4018,"9"
4019,"9"
4020,"7"
4021,"3"
4022,"6"
4023,"4"
4024,"7"
4025,"8"
4026,"4"
4027,"6"
4028,"8"
4029,"9"
4030,"9"
4031,"7"
4032,"5"
4033,"5"
4034,"9"
4035,"7"
4036,"4"
4037,"7"
4038,"3"
4039,"8"
4040,"9"
4041,"3"
4042,"7"
4043,"7"
4044,"5"
4045,"9"
4046,"9"
4047,"9"
4048,"8"
4049,"9"
4050,"8"
4051,"8"
4052,"2"
4053,"7"
4054,"9"
4055,"8"
4056,"5"
4057,"6"
4058,"6"
4059,"7"
4060,"8"
4061,"4"
4062,"8"
4063,"6"
4064,"8"
4065,"9"
4066,"7"
4067,"8"
4068,"2"
4069,"3"
4070,"2"
4071,"9"
4072,"9"
4073,"7"
4074,"8"
4075,"6"
4076,"6"
4077,"1"
4078,"9"
4079,"8"
4080,"9"
4081,"7"
4082,"6"
4083,"9"
4084,"6"
4085,"7"
4086,"8"
4087,"7"
4088,"7"
4089,"9"
4090,"6"
4091,"7"
4092,"7"
4093,"7"
4094,"8"
4095,"4"
4096,"9"
4097,"5"
4098,"4"
4099,"5"
4100,"4"
4101,"9"
4102,"9"
4103,"9"
4104,"9"
4105,"8"
4106,"9"
4107,"8"
4108,"7"
4109,"5"
4110,"6"
4111,"9"
4112,"7"
4113,"9"
4114,"9"
4115,"6"
4116,"8"
4117,"6"
4118,"5"
4119,"5"
4120,"8"
4121,"4"
4122,"6"
4123,"9"
4124,"7"
4125,"9"
4126,"7"
4127,"0"
4128,"8"
4129,"5"
4130,"7"
4131,"7"
4132,"9"
4133,"2"
4134,"9"
4135,"4"
4136,"8"
4137,"9"
4138,"7"
4139,"7"
4140,"4"
4141,"5"
4142,"1"
4143,"6"
4144,"9"
4145,"7"
4146,"3"
4147,"9"
4148,"9"
4149,"8"
4150,"9"
4151,"5"
4152,"9"
4153,"5"
4154,"7"
4155,"9"
4156,"6"
4157,"3"
4158,"8"
4159,"3"
4160,"8"
4161,"5"
4162,"7"
4163,"8"
4164,"1"
4165,"9"
4166,"7"
4167,"5"
4168,"9"
4169,"9"
4170,"9"
4171,"6"
4172,"6"
4173,"8"
4174,"4"
4175,"9"
4176,"4"
4177,"4"
4178,"8"
4179,"8"
4180,"8"
4181,"8"
4182,"9"
4183,"9"
4184,"6"
4185,"9"
4186,"8"
4187,"5"
4188,"9"
4189,"6"
4190,"6"
4191,"8"
4192,"7"
4193,"9"
4194,"6"
4195,"7"
4196,"7"
4197,"9"
4198,"9"
4199,"9"
4200,"5"
4201,"4"
4202,"7"
4203,"8"
4204,"8"
4205,"9"
4206,"5"
4207,"3"
4208,"2"
4209,"5"
4210,"9"
4211,"9"
4212,"8"
4213,"3"
4214,"9"
4215,"8"
4216,"7"
4217,"9"
4218,"4"
4219,"6"
4220,"5"
4221,"9"
4222,"5"
4223,"9"
4224,"9"
4225,"7"
4226,"5"
4227,"8"
4228,"5"
4229,"6"
4230,"6"
4231,"8"
4232,"9"
4233,"5"
4234,"7"
4235,"1"
4236,"7"
4237,"4"
4238,"7"
4239,"9"
4240,"8"
4241,"9"
4242,"8"
4243,"9"
4244,"8"
4245,"8"
4246,"9"
4247,"9"
4248,"9"
4249,"7"
4250,"9"
4251,"7"
4252,"5"
4253,"6"
4254,"6"
4255,"8"
4256,"9"
4257,"6"
4258,"9"
4259,"9"
4260,"8"
4261,"3"
4262,"9"
4263,"6"
4264,"5"
4265,"8"
4266,"5"
4267,"2"
4268,"6"
4269,"9"
4270,"4"
4271,"6"
4272,"6"
4273,"2"
4274,"8"
4275,"7"
4276,"8"
4277,"9"
4278,"5"
4279,"8"
4280,"8"
4281,"9"
4282,"7"
4283,"6"
4284,"4"
4285,"6"
4286,"9"
4287,"5"
4288,"4"
4289,"9"
4290,"9"
4291,"5"
4292,"9"
4293,"9"
4294,"7"
4295,"6"
4296,"8"
4297,"9"
4298,"7"
4299,"7"
4300,"6"
4301,"9"
4302,"9"
4303,"8"
4304,"2"
4305,"3"
4306,"5"
4307,"7"
4308,"7"
4309,"9"
4310,"5"
4311,"8"
4312,"5"
4313,"9"
4314,"3"
4315,"8"
4316,"7"
4317,"7"
4318,"8"
4319,"5"
4320,"9"
4321,"9"
4322,"9"
4323,"9"
4324,"7"
4325,"6"
4326,"7"
4327,"9"
4328,"9"
4329,"9"
4330,"7"
4331,"8"
4332,"8"
4333,"9"
4334,"7"
4335,"7"
4336,"5"
4337,"8"
4338,"8"
4339,"9"
4340,"5"
4341,"8"
4342,"8"
4343,"9"
4344,"9"
4345,"8"
4346,"7"
4347,"2"
4348,"8"
4349,"6"
4350,"7"
4351,"9"
4352,"5"
4353,"9"
4354,"5"
4355,"9"
4356,"7"
4357,"5"
4358,"9"
4359,"6"
4360,"9"
4361,"8"
4362,"9"
4363,"8"
4364,"4"
4365,"9"
4366,"9"
4367,"9"
4368,"6"
4369,"7"
4370,"7"
4371,"9"
4372,"9"
4373,"1"
4374,"7"
4375,"9"
4376,"6"
4377,"6"
4378,"9"
4379,"5"
4380,"8"
4381,"9"
4382,"3"
4383,"7"
4384,"3"
4385,"1"
4386,"8"
4387,"5"
4388,"4"
4389,"8"
4390,"9"
4391,"7"
4392,"8"
4393,"7"
4394,"8"
4395,"8"
4396,"8"
4397,"9"
4398,"5"
4399,"4"
4400,"1"
4401,"5"
4402,"7"
4403,"8"
4404,"7"
4405,"6"
4406,"5"
4407,"8"
4408,"9"
4409,"8"
4410,"7"
4411,"5"
4412,"9"
4413,"6"
4414,"8"
4415,"9"
4416,"3"
4417,"9"
4418,"8"
4419,"6"
4420,"7"
4421,"7"
4422,"9"
4423,"2"
4424,"5"
4425,"1"
4426,"3"
4427,"8"
4428,"8"
4429,"9"
4430,"4"
4431,"9"
4432,"7"
4433,"9"
4434,"7"
4435,"8"
4436,"9"
4437,"3"
4438,"8"
4439,"9"
4440,"7"
4441,"4"
4442,"4"
4443,"8"
4444,"7"
4445,"8"
4446,"7"
4447,"6"
4448,"9"
4449,"5"
4450,"9"
4451,"9"
4452,"7"
4453,"5"
4454,"7"
4455,"3"
4456,"7"
4457,"7"
4458,"2"
4459,"9"
4460,"6"
4461,"4"
4462,"9"
4463,"9"
4464,"9"
4465,"4"
4466,"9"
4467,"8"
4468,"8"
4469,"9"
4470,"8"
4471,"9"
4472,"8"
4473,"9"
4474,"9"
4475,"8"
4476,"7"
4477,"8"
4478,"6"
4479,"6"
4480,"5"
4481,"7"
4482,"5"
4483,"7"
4484,"9"
4485,"9"
4486,"3"
4487,"4"
4488,"7"
4489,"6"
4490,"9"
4491,"6"
4492,"2"
4493,"8"
4494,"9"
4495,"7"
4496,"9"
4497,"6"
4498,"7"
4499,"8"
4500,"8"
4501,"5"
4502,"6"
4503,"9"
4504,"7"
4505,"9"
4506,"4"
4507,"5"
4508,"9"
4509,"8"
4510,"8"
4511,"4"
4512,"7"
4513,"9"
4514,"7"
4515,"9"
4516,"6"
4517,"8"
4518,"8"
4519,"9"
4520,"3"
4521,"9"
4522,"4"
4523,"9"
4524,"6"
4525,"7"
4526,"8"
4527,"9"
4528,"6"
4529,"6"
4530,"9"
4531,"8"
4532,"9"
4533,"3"
4534,"8"
4535,"4"
4536,"3"
4537,"8"
4538,"3"
4539,"8"
4540,"5"
4541,"6"
4542,"9"
4543,"6"
4544,"8"
4545,"9"
4546,"0"
4547,"5"
4548,"4"
4549,"8"
4550,"8"
4551,"9"
4552,"2"
4553,"9"
4554,"3"
4555,"9"
4556,"9"
4557,"9"
4558,"6"
4559,"9"
4560,"9"
4561,"8"
4562,"5"
4563,"3"
4564,"4"
4565,"5"
4566,"1"
4567,"7"
4568,"2"
4569,"7"
4570,"8"
4571,"1"
4572,"6"
4573,"9"
4574,"8"
4575,"1"
4576,"8"
4577,"9"
4578,"6"
4579,"9"
4580,"9"
4581,"3"
4582,"9"
4583,"8"
4584,"8"
4585,"5"
4586,"9"
4587,"3"
4588,"6"
4589,"7"
4590,"7"
4591,"9"
4592,"8"
4593,"6"
4594,"4"
4595,"4"
4596,"7"
4597,"7"
4598,"9"
4599,"2"
4600,"2"
4601,"2"
4602,"6"
4603,"9"
4604,"7"
4605,"3"
4606,"7"
4607,"9"
4608,"7"
4609,"4"
4610,"8"
4611,"7"
4612,"9"
4613,"8"
4614,"1"
4615,"7"
4616,"4"
4617,"7"
4618,"6"
4619,"5"
4620,"8"
4621,"1"
4622,"6"
4623,"7"
4624,"9"
4625,"9"
4626,"8"
4627,"8"
4628,"9"
4629,"3"
4630,"7"
4631,"5"
4632,"9"
4633,"8"
4634,"9"
4635,"6"
4636,"7"
4637,"5"
4638,"6"
4639,"8"
4640,"6"
4641,"8"
4642,"8"
4643,"7"
4644,"5"
4645,"8"
4646,"5"
4647,"9"
4648,"9"
4649,"9"
4650,"8"
4651,"1"
4652,"8"
4653,"8"
4654,"6"
4655,"5"
4656,"9"
4657,"8"
4658,"9"
4659,"4"
4660,"7"
4661,"7"
4662,"8"
4663,"7"
4664,"4"
4665,"8"
4666,"4"
4667,"6"
4668,"7"
4669,"5"
4670,"4"
4671,"9"
4672,"3"
4673,"7"
4674,"7"
4675,"9"
4676,"7"
4677,"8"
4678,"9"
4679,"8"
4680,"9"
4681,"8"
4682,"7"
4683,"4"
4684,"7"
4685,"7"
4686,"7"
4687,"4"
4688,"6"
4689,"8"
4690,"0"
4691,"5"
4692,"8"
4693,"9"
4694,"5"
4695,"5"
4696,"9"
4697,"7"
4698,"9"
4699,"3"
4700,"9"
4701,"9"
4702,"9"
4703,"8"
4704,"7"
4705,"8"
4706,"9"
4707,"9"
4708,"9"
4709,"9"
4710,"9"
4711,"6"
4712,"7"
4713,"5"
4714,"9"
4715,"8"
4716,"8"
4717,"9"
4718,"0"
4719,"5"
4720,"5"
4721,"8"
4722,"9"
4723,"8"
4724,"9"
4725,"8"
4726,"9"
4727,"7"
4728,"7"
4729,"5"
4730,"7"
4731,"5"
4732,"6"
4733,"3"
4734,"9"
4735,"6"
4736,"9"
4737,"7"
4738,"6"
4739,"6"
4740,"8"
4741,"7"
4742,"7"
4743,"4"
4744,"7"
4745,"9"
4746,"7"
4747,"5"
4748,"5"
4749,"9"
4750,"8"
4751,"4"
4752,"5"
4753,"7"
4754,"9"
4755,"6"
4756,"6"
4757,"4"
4758,"3"
4759,"7"
4760,"9"
4761,"8"
4762,"9"
4763,"8"
4764,"6"
4765,"8"
4766,"6"
4767,"9"
4768,"8"
4769,"7"
4770,"9"
4771,"9"
4772,"4"
4773,"5"
4774,"6"
4775,"7"
4776,"8"
4777,"5"
4778,"8"
4779,"7"
4780,"4"
4781,"9"
4782,"4"
4783,"6"
4784,"6"
4785,"6"
4786,"4"
4787,"4"
4788,"6"
4789,"9"
4790,"7"
4791,"7"
4792,"9"
4793,"8"
4794,"9"
4795,"2"
4796,"9"
4797,"5"
4798,"8"
4799,"2"
4800,"5"
4801,"6"
4802,"8"
4803,"9"
4804,"7"
4805,"9"
4806,"7"
4807,"9"
4808,"3"
4809,"8"
4810,"5"
4811,"6"
4812,"9"
4813,"7"
4814,"9"
4815,"9"
4816,"6"
4817,"2"
4818,"9"
4819,"3"
4820,"9"
4821,"8"
4822,"9"
4823,"9"
4824,"9"
4825,"6"
4826,"9"
4827,"8"
4828,"8"
4829,"8"
4830,"8"
4831,"5"
4832,"9"
4833,"8"
4834,"9"
4835,"9"
4836,"8"
4837,"8"
4838,"8"
4839,"8"
4840,"8"
4841,"8"
4842,"5"
4843,"9"
4844,"9"
4845,"9"
4846,"8"
4847,"5"
4848,"4"
4849,"4"
4850,"9"
4851,"6"
4852,"9"
4853,"8"
4854,"5"
4855,"4"
4856,"6"
4857,"3"
4858,"9"
4859,"1"
4860,"7"
4861,"9"
4862,"9"
4863,"8"
4864,"9"
4865,"8"
4866,"6"
4867,"2"
4868,"9"
4869,"7"
4870,"8"
4871,"5"
4872,"4"
4873,"8"
4874,"6"
4875,"8"
4876,"7"
4877,"2"
4878,"6"
4879,"9"
4880,"3"
4881,"9"
4882,"9"
4883,"7"
4884,"9"
4885,"6"
4886,"7"
4887,"8"
4888,"8"
4889,"5"
4890,"3"
4891,"6"
4892,"4"
4893,"6"
4894,"9"
4895,"3"
4896,"8"
4897,"8"
4898,"4"
4899,"9"
4900,"8"
4901,"8"
4902,"8"
4903,"6"
4904,"5"
4905,"8"
4906,"7"
4907,"6"
4908,"9"
4909,"7"
4910,"6"
4911,"6"
4912,"6"
4913,"9"
4914,"1"
4915,"9"
4916,"2"
4917,"6"
4918,"8"
4919,"8"
4920,"8"
4921,"6"
4922,"6"
4923,"3"
4924,"8"
4925,"7"
4926,"3"
4927,"4"
4928,"4"
4929,"7"
4930,"6"
4931,"8"
4932,"9"
4933,"7"
4934,"8"
4935,"9"
4936,"9"
4937,"8"
4938,"6"
4939,"9"
4940,"7"
4941,"6"
4942,"9"
4943,"4"
4944,"5"
4945,"8"
4946,"2"
4947,"8"
4948,"4"
4949,"8"
4950,"7"
4951,"5"
4952,"4"
4953,"7"
4954,"9"
4955,"9"
4956,"6"
4957,"8"
4958,"6"
4959,"6"
4960,"2"
4961,"8"
4962,"7"
4963,"2"
4964,"8"
4965,"6"
4966,"7"
4967,"3"
4968,"9"
4969,"7"
4970,"9"
4971,"5"
4972,"6"
4973,"5"
4974,"3"
4975,"7"
4976,"7"
4977,"5"
4978,"6"
4979,"8"
4980,"8"
4981,"6"
4982,"9"
4983,"8"
4984,"9"
4985,"7"
4986,"8"
4987,"4"
4988,"5"
4989,"8"
4990,"9"
4991,"3"
4992,"5"
4993,"9"
4994,"6"
4995,"8"
4996,"6"
4997,"9"
4998,"7"
4999,"6"
5000,"6"
5001,"9"
5002,"4"
5003,"7"
5004,"7"
5005,"8"
5006,"7"
5007,"9"
5008,"4"
5009,"7"
5010,"6"
5011,"9"
5012,"8"
5013,"3"
5014,"7"
5015,"5"
5016,"8"
5017,"5"
5018,"7"
5019,"8"
5020,"4"
5021,"7"
5022,"7"
5023,"8"
5024,"7"
5025,"7"
5026,"8"
5027,"9"
5028,"5"
5029,"8"
5030,"8"
5031,"6"
5032,"5"
5033,"9"
5034,"8"
5035,"8"
5036,"9"
5037,"7"
5038,"5"
5039,"9"
5040,"7"
5041,"8"
5042,"8"
5043,"8"
5044,"6"
5045,"4"
5046,"5"
5047,"5"
5048,"6"
5049,"8"
5050,"8"
5051,"8"
5052,"8"
5053,"9"
5054,"4"
5055,"9"
5056,"5"
5057,"9"
5058,"6"
5059,"5"
5060,"5"
5061,"8"
5062,"5"
5063,"7"
5064,"6"
5065,"5"
5066,"9"
5067,"6"
5068,"3"
5069,"4"
5070,"6"
5071,"9"
5072,"7"
5073,"6"
5074,"8"
5075,"2"
5076,"7"
5077,"8"
5078,"5"
5079,"8"
5080,"7"
5081,"8"
5082,"5"
5083,"6"
5084,"3"
5085,"7"
5086,"9"
5087,"6"
5088,"8"
5089,"4"
5090,"6"
5091,"8"
5092,"9"
5093,"8"
5094,"7"
5095,"9"
5096,"4"
5097,"4"
5098,"5"
5099,"7"
5100,"9"
5101,"5"
5102,"3"
5103,"8"
5104,"6"
5105,"8"
5106,"8"
5107,"9"
5108,"9"
5109,"7"
5110,"9"
5111,"8"
5112,"8"
5113,"8"
5114,"4"
5115,"9"
5116,"6"
5117,"5"
5118,"7"
5119,"9"
5120,"9"
5121,"5"
5122,"9"
5123,"9"
5124,"9"
5125,"4"
5126,"5"
5127,"4"
5128,"7"
5129,"8"
5130,"9"
5131,"7"
5132,"5"
5133,"2"
5134,"8"
5135,"6"
5136,"8"
5137,"4"
5138,"7"
5139,"1"
5140,"6"
5141,"6"
5142,"6"
5143,"7"
5144,"7"
5145,"9"
5146,"9"
5147,"7"
5148,"9"
5149,"6"
5150,"6"
5151,"4"
5152,"5"
5153,"8"
5154,"3"
5155,"8"
5156,"9"
5157,"8"
5158,"7"
5159,"6"
5160,"5"
5161,"9"
5162,"7"
5163,"3"
5164,"7"
5165,"9"
5166,"9"
5167,"9"
5168,"9"
5169,"7"
5170,"9"
5171,"9"
5172,"7"
5173,"6"
5174,"7"
5175,"4"
5176,"7"
5177,"9"
5178,"9"
5179,"8"
5180,"8"
5181,"8"
5182,"9"
5183,"8"
5184,"9"
5185,"5"
5186,"6"
5187,"8"
5188,"8"
5189,"9"
5190,"9"
5191,"3"
5192,"7"
5193,"8"
5194,"9"
5195,"9"
5196,"8"
5197,"6"
5198,"8"
5199,"9"
5200,"8"
5201,"6"
5202,"8"
5203,"6"
5204,"6"
5205,"7"
5206,"8"
5207,"6"
5208,"8"
5209,"6"
5210,"6"
5211,"7"
5212,"8"
5213,"7"
5214,"7"
5215,"9"
5216,"8"
5217,"2"
5218,"7"
5219,"9"
5220,"9"
5221,"7"
5222,"9"
5223,"9"
5224,"4"
5225,"5"
5226,"9"
5227,"6"
5228,"5"
5229,"5"
5230,"9"
5231,"7"
5232,"4"
5233,"7"
5234,"9"
5235,"7"
5236,"6"
5237,"9"
5238,"3"
5239,"9"
5240,"4"
5241,"8"
5242,"7"
5243,"9"
5244,"6"
5245,"7"
5246,"8"
5247,"7"
5248,"7"
5249,"8"
5250,"8"
5251,"8"
5252,"7"
5253,"7"
5254,"3"
5255,"6"
5256,"6"
5257,"6"
5258,"6"
5259,"6"
5260,"8"
5261,"7"
5262,"7"
5263,"8"
5264,"3"
5265,"3"
5266,"9"
5267,"8"
5268,"9"
5269,"8"
5270,"9"
5271,"9"
5272,"6"
5273,"7"
5274,"9"
5275,"6"
5276,"8"
5277,"9"
5278,"8"
5279,"6"
5280,"6"
5281,"9"
5282,"6"
5283,"6"
5284,"8"
5285,"4"
5286,"8"
5287,"8"
5288,"7"
5289,"2"
5290,"9"
5291,"5"
5292,"8"
5293,"8"
5294,"5"
5295,"8"
5296,"6"
5297,"7"
5298,"8"
5299,"7"
5300,"8"
5301,"9"
5302,"4"
5303,"7"
5304,"9"
5305,"6"
5306,"8"
5307,"8"
5308,"5"
5309,"8"
5310,"8"
5311,"4"
5312,"5"
5313,"4"
5314,"9"
5315,"5"
5316,"7"
5317,"9"
5318,"8"
5319,"4"
5320,"9"
5321,"8"
5322,"9"
5323,"6"
5324,"9"
5325,"7"
5326,"9"
5327,"5"
5328,"8"
5329,"9"
5330,"8"
5331,"7"
5332,"8"
5333,"8"
5334,"8"
5335,"7"
5336,"5"
5337,"8"
5338,"7"
5339,"9"
5340,"9"
5341,"8"
5342,"4"
5343,"9"
5344,"5"
5345,"6"
5346,"9"
5347,"9"
5348,"6"
5349,"9"
5350,"6"
5351,"6"
5352,"8"
5353,"6"
5354,"8"
5355,"4"
5356,"6"
5357,"4"
5358,"7"
5359,"9"
5360,"8"
5361,"4"
5362,"5"
5363,"7"
5364,"8"
5365,"6"
5366,"1"
5367,"9"
5368,"9"
5369,"6"
5370,"8"
5371,"4"
5372,"9"
5373,"8"
5374,"9"
5375,"7"
5376,"8"
5377,"7"
5378,"9"
5379,"8"
5380,"8"
5381,"5"
5382,"9"
5383,"6"
5384,"8"
5385,"4"
5386,"8"
5387,"9"
5388,"9"
5389,"5"
5390,"7"
5391,"7"
5392,"7"
5393,"9"
5394,"6"
5395,"4"
5396,"9"
5397,"8"
5398,"4"
5399,"8"
5400,"7"
5401,"4"
5402,"9"
5403,"8"
5404,"7"
5405,"5"
5406,"9"
5407,"7"
5408,"4"
5409,"7"
5410,"8"
5411,"7"
5412,"8"
5413,"8"
5414,"8"
5415,"8"
5416,"7"
5417,"8"
5418,"8"
5419,"9"
5420,"6"
5421,"9"
5422,"7"
5423,"8"
5424,"9"
5425,"7"
5426,"8"
5427,"5"
5428,"6"
5429,"8"
5430,"8"
5431,"5"
5432,"5"
5433,"9"
5434,"3"
5435,"8"
5436,"9"
5437,"7"
5438,"9"
5439,"9"
5440,"7"
5441,"8"
5442,"8"
5443,"4"
5444,"9"
5445,"8"
5446,"6"
5447,"6"
5448,"7"
5449,"4"
5450,"6"
5451,"8"
5452,"6"
5453,"8"
5454,"7"
5455,"9"
5456,"7"
5457,"9"
5458,"8"
5459,"6"
5460,"3"
5461,"9"
5462,"8"
5463,"9"
5464,"7"
5465,"8"
5466,"3"
5467,"7"
5468,"6"
5469,"6"
5470,"4"
5471,"7"
5472,"9"
5473,"6"
5474,"8"
5475,"9"
5476,"7"
5477,"9"
5478,"6"
5479,"9"
5480,"4"
5481,"8"
5482,"9"
5483,"8"
5484,"7"
5485,"6"
5486,"7"
5487,"9"
5488,"5"
5489,"9"
5490,"9"
5491,"6"
5492,"8"
5493,"3"
5494,"6"
5495,"5"
5496,"8"
5497,"8"
5498,"9"
5499,"6"
5500,"9"
5501,"8"
5502,"9"
5503,"6"
5504,"9"
5505,"8"
5506,"9"
5507,"9"
5508,"8"
5509,"9"
5510,"9"
5511,"9"
5512,"7"
5513,"9"
5514,"2"
5515,"7"
5516,"7"
5517,"9"
5518,"5"
5519,"5"
5520,"5"
5521,"8"
5522,"9"
5523,"5"
5524,"8"
5525,"8"
5526,"4"
5527,"8"
5528,"6"
5529,"9"
5530,"6"
5531,"8"
5532,"5"
5533,"4"
5534,"4"
5535,"7"
5536,"4"
5537,"9"
5538,"9"
5539,"6"
5540,"8"
5541,"7"
5542,"9"
5543,"1"
5544,"8"
5545,"4"
5546,"7"
5547,"3"
5548,"7"
5549,"7"
5550,"9"
5551,"6"
5552,"5"
5553,"8"
5554,"7"
5555,"5"
5556,"7"
5557,"8"
5558,"6"
5559,"4"
5560,"6"
5561,"8"
5562,"7"
5563,"6"
5564,"5"
5565,"7"
5566,"7"
5567,"9"
5568,"7"
5569,"4"
5570,"4"
5571,"7"
5572,"9"
5573,"9"
5574,"7"
5575,"6"
5576,"9"
5577,"3"
5578,"1"
5579,"9"
5580,"8"
5581,"9"
5582,"7"
5583,"7"
5584,"7"
5585,"5"
5586,"9"
5587,"9"
5588,"1"
5589,"9"
5590,"3"
5591,"5"
5592,"6"
5593,"7"
5594,"6"
5595,"9"
5596,"9"
5597,"6"
5598,"9"
5599,"9"
5600,"7"
5601,"6"
5602,"7"
5603,"7"
5604,"7"
5605,"5"
5606,"9"
5607,"6"
5608,"8"
5609,"7"
5610,"5"
5611,"7"
5612,"9"
5613,"9"
5614,"9"
5615,"6"
5616,"9"
5617,"5"
5618,"9"
5619,"9"
5620,"6"
5621,"5"
5622,"7"
5623,"9"
5624,"6"
5625,"9"
5626,"9"
5627,"9"
5628,"5"
5629,"6"
5630,"7"
5631,"8"
5632,"8"
5633,"9"
5634,"7"
5635,"4"
5636,"8"
5637,"8"
5638,"8"
5639,"3"
5640,"8"
5641,"9"
5642,"7"
5643,"8"
5644,"7"
5645,"5"
5646,"5"
5647,"9"
5648,"8"
5649,"9"
5650,"8"
5651,"8"
5652,"7"
5653,"9"
5654,"6"
5655,"4"
5656,"7"
5657,"9"
5658,"9"
5659,"7"
5660,"8"
5661,"6"
5662,"8"
5663,"8"
5664,"8"
5665,"8"
5666,"8"
5667,"9"
5668,"9"
5669,"6"
5670,"8"
5671,"6"
5672,"9"
5673,"7"
5674,"3"
5675,"9"
5676,"6"
5677,"9"
5678,"5"
5679,"5"
5680,"9"
5681,"7"
5682,"7"
5683,"8"
5684,"8"
5685,"7"
5686,"5"
5687,"6"
5688,"8"
5689,"9"
5690,"6"
5691,"9"
5692,"5"
5693,"9"
5694,"5"
5695,"5"
5696,"8"
5697,"8"
5698,"6"
5699,"9"
5700,"4"
5701,"9"
5702,"9"
5703,"8"
5704,"6"
5705,"6"
5706,"7"
5707,"9"
5708,"8"
5709,"6"
5710,"7"
5711,"6"
5712,"6"
5713,"4"
5714,"7"
5715,"5"
5716,"8"
5717,"9"
5718,"4"
5719,"5"
5720,"4"
5721,"7"
5722,"8"
5723,"3"
5724,"7"
5725,"9"
5726,"5"
5727,"8"
5728,"2"
5729,"4"
5730,"9"
5731,"9"
5732,"6"
5733,"6"
5734,"4"
5735,"5"
5736,"0"
5737,"6"
5738,"4"
5739,"4"
5740,"6"
5741,"9"
5742,"6"
5743,"5"
5744,"6"
5745,"7"
5746,"9"
5747,"8"
5748,"8"
5749,"9"
5750,"4"
5751,"8"
5752,"8"
5753,"9"
5754,"6"
5755,"9"
5756,"7"
5757,"1"
5758,"8"
5759,"9"
5760,"6"
5761,"8"
5762,"6"
5763,"5"
5764,"8"
5765,"8"
5766,"6"
5767,"3"
5768,"9"
5769,"7"
5770,"7"
5771,"6"
5772,"9"
5773,"9"
5774,"3"
5775,"9"
5776,"4"
5777,"9"
5778,"9"
5779,"4"
5780,"6"
5781,"8"
5782,"7"
5783,"7"
5784,"7"
5785,"9"
5786,"9"
5787,"5"
5788,"7"
5789,"1"
5790,"4"
5791,"9"
5792,"7"
5793,"8"
5794,"9"
5795,"8"
5796,"6"
5797,"9"
5798,"7"
5799,"7"
5800,"8"
5801,"3"
5802,"6"
5803,"4"
5804,"4"
5805,"4"
5806,"9"
5807,"8"
5808,"8"
5809,"7"
5810,"9"
5811,"9"
5812,"6"
5813,"9"
5814,"9"
5815,"9"
5816,"6"
5817,"9"
5818,"6"
5819,"8"
5820,"9"
5821,"8"
5822,"8"
5823,"2"
5824,"5"
5825,"9"
5826,"8"
5827,"8"
5828,"8"
5829,"1"
5830,"4"
5831,"8"
5832,"9"
5833,"9"
5834,"7"
5835,"6"
5836,"6"
5837,"7"
5838,"9"
5839,"9"
5840,"9"
5841,"9"
5842,"7"
5843,"6"
5844,"7"
5845,"6"
5846,"2"
5847,"7"
5848,"9"
5849,"9"
5850,"4"
5851,"8"
5852,"8"
5853,"7"
5854,"7"
5855,"8"
5856,"7"
5857,"7"
5858,"8"
5859,"3"
5860,"5"
5861,"8"
5862,"8"
5863,"0"
5864,"8"
5865,"9"
5866,"8"
5867,"5"
5868,"8"
5869,"9"
5870,"8"
5871,"9"
5872,"5"
5873,"2"
5874,"3"
5875,"8"
5876,"6"
5877,"9"
5878,"9"
5879,"8"
5880,"5"
5881,"9"
5882,"5"
5883,"3"
5884,"6"
5885,"7"
5886,"9"
5887,"9"
5888,"8"
5889,"8"
5890,"6"
5891,"1"
5892,"9"
5893,"8"
5894,"8"
5895,"8"
5896,"5"
5897,"5"
5898,"7"
5899,"5"
5900,"8"
5901,"7"
5902,"7"
5903,"6"
5904,"6"
5905,"8"
5906,"7"
5907,"7"
5908,"3"
5909,"6"
5910,"7"
5911,"4"
5912,"9"
5913,"9"
5914,"8"
5915,"5"
5916,"7"
5917,"8"
5918,"4"
5919,"9"
5920,"6"
5921,"8"
5922,"7"
5923,"3"
5924,"0"
5925,"7"
5926,"3"
5927,"6"
5928,"4"
5929,"6"
5930,"7"
5931,"8"
5932,"3"
5933,"8"
5934,"4"
5935,"7"
5936,"3"
5937,"9"
5938,"5"
5939,"9"
5940,"8"
5941,"5"
5942,"7"
5943,"9"
5944,"9"
5945,"8"
5946,"9"
5947,"5"
5948,"5"
5949,"3"
5950,"6"
5951,"7"
5952,"5"
5953,"6"
5954,"9"
5955,"8"
5956,"5"
5957,"7"
5958,"3"
5959,"8"
5960,"9"
5961,"9"
5962,"6"
5963,"4"
5964,"7"
5965,"9"
5966,"7"
5967,"6"
5968,"9"
5969,"7"
5970,"9"
5971,"4"
5972,"9"
5973,"8"
5974,"7"
5975,"9"
5976,"8"
5977,"9"
5978,"8"
5979,"4"
5980,"6"
5981,"7"
5982,"7"
5983,"7"
5984,"7"
5985,"6"
5986,"3"
5987,"6"
5988,"9"
5989,"9"
5990,"7"
5991,"8"
5992,"9"
5993,"9"
5994,"6"
5995,"8"
5996,"9"
5997,"7"
5998,"7"
5999,"9"
6000,"9"
6001,"6"
6002,"7"
6003,"6"
6004,"4"
6005,"8"
6006,"9"
6007,"8"
6008,"6"
6009,"7"
6010,"9"
6011,"9"
6012,"5"
6013,"6"
6014,"6"
6015,"6"
6016,"8"
6017,"9"
6018,"7"
6019,"9"
6020,"8"
6021,"9"
6022,"9"
6023,"9"
6024,"8"
6025,"6"
6026,"8"
6027,"5"
6028,"5"
6029,"9"
6030,"9"
6031,"6"
6032,"8"
6033,"9"
6034,"7"
6035,"9"
6036,"9"
6037,"8"
6038,"2"
6039,"6"
6040,"9"
6041,"7"
6042,"7"
6043,"8"
6044,"9"
6045,"8"
6046,"4"
6047,"8"
6048,"9"
6049,"9"
6050,"9"
6051,"8"
6052,"9"
6053,"9"
6054,"4"
6055,"9"
6056,"8"
6057,"9"
6058,"8"
6059,"9"
6060,"8"
6061,"6"
6062,"8"
6063,"5"
6064,"9"
6065,"9"
6066,"8"
6067,"5"
6068,"8"
6069,"9"
6070,"7"
6071,"8"
6072,"8"
6073,"6"
6074,"8"
6075,"5"
6076,"8"
6077,"7"
6078,"6"
6079,"8"
6080,"9"
6081,"8"
6082,"7"
6083,"9"
6084,"8"
6085,"6"
6086,"9"
6087,"6"
6088,"9"
6089,"8"
6090,"9"
6091,"3"
6092,"7"
6093,"8"
6094,"6"
6095,"9"
6096,"8"
6097,"8"
6098,"8"
6099,"5"
6100,"6"
6101,"9"
6102,"9"
6103,"9"
6104,"4"
6105,"8"
6106,"7"
6107,"9"
6108,"6"
6109,"5"
6110,"8"
6111,"9"
6112,"6"
6113,"5"
6114,"8"
6115,"9"
6116,"8"
6117,"6"
6118,"8"
6119,"9"
6120,"9"
6121,"4"
6122,"8"
6123,"9"
6124,"9"
6125,"4"
6126,"9"
6127,"5"
6128,"8"
6129,"8"
6130,"8"
6131,"4"
6132,"7"
6133,"6"
6134,"7"
6135,"9"
6136,"8"
6137,"9"
6138,"8"
6139,"7"
6140,"6"
6141,"6"
6142,"8"
6143,"9"
6144,"7"
6145,"9"
6146,"6"
6147,"7"
6148,"6"
6149,"8"
6150,"6"
6151,"6"
6152,"8"
6153,"5"
6154,"5"
6155,"4"
6156,"5"
6157,"8"
6158,"8"
6159,"9"
6160,"8"
6161,"9"
6162,"4"
6163,"6"
6164,"9"
6165,"8"
6166,"4"
6167,"8"
6168,"7"
6169,"4"
6170,"9"
6171,"8"
6172,"5"
6173,"7"
6174,"6"
6175,"8"
6176,"8"
6177,"9"
6178,"5"
6179,"7"
6180,"8"
6181,"7"
6182,"8"
6183,"8"
6184,"9"
6185,"9"
6186,"5"
6187,"3"
6188,"7"
6189,"7"
6190,"9"
6191,"6"
6192,"9"
6193,"9"
6194,"8"
6195,"9"
6196,"8"
6197,"6"
6198,"6"
6199,"8"
6200,"8"
6201,"5"
6202,"8"
6203,"8"
6204,"9"
6205,"8"
6206,"6"
6207,"7"
6208,"1"
6209,"9"
6210,"2"
6211,"5"
6212,"5"
6213,"9"
6214,"3"
6215,"9"
6216,"9"
6217,"8"
6218,"8"
6219,"8"
6220,"9"
6221,"8"
6222,"7"
6223,"5"
6224,"6"
6225,"9"
6226,"6"
6227,"9"
6228,"6"
6229,"9"
6230,"7"
6231,"7"
6232,"6"
6233,"3"
6234,"9"
6235,"4"
6236,"3"
6237,"5"
6238,"2"
6239,"9"
6240,"6"
6241,"7"
6242,"9"
6243,"9"
6244,"9"
6245,"2"
6246,"8"
6247,"9"
6248,"7"
6249,"3"
6250,"9"
6251,"3"
6252,"9"
6253,"8"
6254,"6"
6255,"7"
6256,"8"
6257,"9"
6258,"9"
6259,"7"
6260,"6"
6261,"6"
6262,"9"
6263,"8"
6264,"2"
6265,"7"
6266,"8"
6267,"6"
6268,"9"
6269,"3"
6270,"6"
6271,"3"
6272,"4"
6273,"9"
6274,"7"
6275,"9"
6276,"9"
6277,"7"
6278,"1"
6279,"4"
6280,"7"
6281,"5"
6282,"8"
6283,"7"
6284,"7"
6285,"8"
6286,"9"
6287,"5"
6288,"6"
6289,"7"
6290,"8"
6291,"6"
6292,"5"
6293,"9"
6294,"7"
6295,"8"
6296,"8"
6297,"7"
6298,"6"
6299,"9"
6300,"9"
6301,"5"
6302,"7"
6303,"7"
6304,"7"
6305,"8"
6306,"5"
6307,"8"
6308,"6"
6309,"8"
6310,"2"
6311,"6"
6312,"7"
6313,"5"
6314,"5"
6315,"6"
6316,"9"
6317,"3"
6318,"9"
6319,"8"
6320,"8"
6321,"7"
6322,"9"
6323,"4"
6324,"7"
6325,"8"
6326,"6"
6327,"7"
6328,"9"
6329,"8"
6330,"6"
6331,"7"
6332,"9"
6333,"9"
6334,"8"
6335,"9"
6336,"6"
6337,"7"
6338,"9"
6339,"4"
6340,"9"
6341,"8"
6342,"9"
6343,"9"
6344,"5"
6345,"8"
6346,"3"
6347,"7"
6348,"4"
6349,"9"
6350,"9"
6351,"1"
6352,"8"
6353,"9"
6354,"6"
6355,"7"
6356,"8"
6357,"9"
6358,"7"
6359,"7"
6360,"6"
6361,"9"
6362,"7"
6363,"7"
6364,"7"
6365,"9"
6366,"9"
6367,"6"
6368,"9"
6369,"9"
6370,"5"
6371,"9"
6372,"2"
6373,"6"
6374,"8"
6375,"7"
6376,"9"
6377,"5"
6378,"9"
6379,"8"
6380,"5"
6381,"9"
6382,"7"
6383,"8"
6384,"8"
6385,"5"
6386,"8"
6387,"9"
6388,"9"
6389,"4"
6390,"9"
6391,"4"
6392,"7"
6393,"7"
6394,"3"
6395,"9"
6396,"7"
6397,"9"
6398,"9"
6399,"9"
6400,"1"
6401,"6"
6402,"7"
6403,"8"
6404,"8"
6405,"3"
6406,"5"
6407,"3"
6408,"4"
6409,"9"
6410,"6"
6411,"9"
6412,"7"
6413,"7"
6414,"9"
6415,"9"
6416,"8"
6417,"3"
6418,"9"
6419,"9"
6420,"4"
6421,"8"
6422,"9"
6423,"6"
6424,"5"
6425,"9"
6426,"8"
6427,"7"
6428,"8"
6429,"7"
6430,"4"
6431,"9"
6432,"8"
6433,"8"
6434,"4"
6435,"9"
6436,"7"
6437,"8"
6438,"8"
6439,"7"
6440,"2"
6441,"5"
6442,"9"
6443,"9"
6444,"7"
6445,"9"
6446,"9"
6447,"5"
6448,"4"
6449,"9"
6450,"7"
6451,"8"
6452,"8"
6453,"7"
6454,"9"
6455,"9"
6456,"9"
6457,"8"
6458,"8"
6459,"8"
6460,"7"
6461,"3"
6462,"3"
6463,"8"
6464,"2"
6465,"5"
6466,"8"
6467,"9"
6468,"7"
6469,"8"
6470,"5"
6471,"9"
6472,"7"
6473,"9"
6474,"9"
6475,"7"
6476,"7"
6477,"9"
6478,"9"
6479,"4"
6480,"6"
6481,"7"
6482,"8"
6483,"9"
6484,"8"
6485,"4"
6486,"6"
6487,"8"
6488,"5"
6489,"7"
6490,"9"
6491,"3"
6492,"3"
6493,"9"
6494,"8"
6495,"9"
6496,"9"
6497,"8"
6498,"5"
6499,"9"
6500,"8"
6501,"7"
6502,"9"
6503,"9"
6504,"6"
6505,"8"
6506,"8"
6507,"6"
6508,"9"
6509,"5"
6510,"6"
6511,"9"
6512,"3"
6513,"7"
6514,"7"
6515,"6"
6516,"7"
6517,"7"
6518,"8"
6519,"8"
6520,"3"
6521,"1"
6522,"9"
6523,"8"
6524,"8"
6525,"8"
6526,"9"
6527,"9"
6528,"6"
6529,"8"
6530,"8"
6531,"7"
6532,"8"
6533,"6"
6534,"8"
6535,"9"
6536,"9"
6537,"3"
6538,"7"
6539,"9"
6540,"8"
6541,"7"
6542,"9"
6543,"5"
6544,"9"
6545,"9"
6546,"5"
6547,"6"
6548,"6"
6549,"2"
6550,"6"
6551,"9"
6552,"7"
6553,"9"
6554,"9"
6555,"8"
6556,"8"
6557,"9"
6558,"9"
6559,"8"
6560,"8"
6561,"6"
6562,"9"
6563,"9"
6564,"8"
6565,"1"
6566,"4"
6567,"7"
6568,"3"
6569,"4"
6570,"9"
6571,"9"
6572,"9"
6573,"5"
6574,"9"
6575,"7"
6576,"8"
6577,"9"
6578,"8"
6579,"6"
6580,"8"
6581,"8"
6582,"9"
6583,"6"
6584,"3"
6585,"4"
6586,"9"
6587,"6"
6588,"7"
6589,"7"
6590,"7"
6591,"2"
6592,"8"
6593,"7"
6594,"3"
6595,"4"
6596,"8"
6597,"9"
6598,"5"
6599,"4"
6600,"3"
6601,"9"
6602,"9"
6603,"6"
6604,"4"
6605,"6"
6606,"5"
6607,"6"
6608,"7"
6609,"4"
6610,"9"
6611,"6"
6612,"9"
6613,"6"
6614,"6"
6615,"8"
6616,"7"
6617,"7"
6618,"8"
6619,"9"
6620,"8"
6621,"7"
6622,"8"
6623,"9"
6624,"5"
6625,"8"
6626,"8"
6627,"6"
6628,"7"
6629,"9"
6630,"8"
6631,"8"
6632,"5"
6633,"8"
6634,"8"
6635,"5"
6636,"8"
6637,"5"
6638,"9"
6639,"8"
6640,"5"
6641,"8"
6642,"9"
6643,"9"
6644,"7"
6645,"7"
6646,"8"
6647,"9"
6648,"8"
6649,"1"
6650,"8"
6651,"7"
6652,"4"
6653,"9"
6654,"8"
6655,"5"
6656,"6"
6657,"8"
6658,"7"
6659,"5"
6660,"9"
6661,"7"
6662,"7"
6663,"9"
6664,"9"
6665,"8"
6666,"4"
6667,"5"
6668,"3"
6669,"3"
6670,"9"
6671,"7"
6672,"9"
6673,"7"
6674,"6"
6675,"8"
6676,"3"
6677,"9"
6678,"6"
6679,"7"
6680,"9"
6681,"9"
6682,"5"
6683,"6"
6684,"5"
6685,"7"
6686,"9"
6687,"7"
6688,"3"
6689,"1"
6690,"7"
6691,"9"
6692,"7"
6693,"7"
6694,"7"
6695,"6"
6696,"4"
6697,"9"
6698,"4"
6699,"9"
6700,"8"
6701,"8"
6702,"9"
6703,"6"
6704,"9"
6705,"5"
6706,"5"
6707,"2"
6708,"6"
6709,"9"
6710,"9"
6711,"9"
6712,"7"
6713,"8"
6714,"8"
6715,"6"
6716,"6"
6717,"8"
6718,"3"
6719,"7"
6720,"8"
6721,"4"
6722,"6"
6723,"6"
6724,"7"
6725,"8"
6726,"9"
6727,"8"
6728,"6"
6729,"9"
6730,"9"
6731,"7"
6732,"6"
6733,"8"
6734,"7"
6735,"8"
6736,"8"
6737,"7"
6738,"8"
6739,"9"
6740,"6"
6741,"9"
6742,"6"
6743,"8"
6744,"9"
6745,"8"
6746,"1"
6747,"7"
6748,"8"
6749,"9"
6750,"5"
6751,"9"
6752,"5"
6753,"7"
6754,"6"
6755,"5"
6756,"6"
6757,"5"
6758,"2"
6759,"3"
6760,"8"
6761,"9"
6762,"8"
6763,"3"
6764,"3"
6765,"9"
6766,"7"
6767,"6"
6768,"6"
6769,"5"
6770,"7"
6771,"8"
6772,"7"
6773,"6"
6774,"6"
6775,"8"
6776,"9"
6777,"8"
6778,"4"
6779,"6"
6780,"8"
6781,"9"
6782,"9"
6783,"4"
6784,"9"
6785,"5"
6786,"2"
6787,"7"
6788,"6"
6789,"2"
6790,"9"
6791,"9"
6792,"3"
6793,"8"
6794,"7"
6795,"3"
6796,"4"
6797,"6"
6798,"9"
6799,"6"
6800,"7"
6801,"8"
6802,"3"
6803,"9"
6804,"9"
6805,"4"
6806,"6"
6807,"9"
6808,"6"
6809,"5"
6810,"5"
6811,"7"
6812,"9"
6813,"8"
6814,"8"
6815,"7"
6816,"2"
6817,"5"
6818,"8"
6819,"8"
6820,"9"
6821,"3"
6822,"7"
6823,"5"
6824,"1"
6825,"9"
6826,"8"
6827,"8"
6828,"5"
6829,"5"
6830,"9"
6831,"7"
6832,"9"
6833,"6"
6834,"8"
6835,"7"
6836,"8"
6837,"5"
6838,"8"
6839,"8"
6840,"8"
6841,"7"
6842,"4"
6843,"8"
6844,"9"
6845,"7"
6846,"9"
6847,"9"
6848,"8"
6849,"9"
6850,"6"
6851,"8"
6852,"7"
6853,"7"
6854,"9"
6855,"9"
6856,"9"
6857,"8"
6858,"9"
6859,"4"
6860,"9"
6861,"9"
6862,"8"
6863,"8"
6864,"5"
6865,"6"
6866,"7"
6867,"7"
6868,"4"
6869,"4"
6870,"4"
6871,"6"
6872,"6"
6873,"9"
6874,"9"
6875,"4"
6876,"9"
6877,"7"
6878,"7"
6879,"9"
6880,"9"
6881,"6"
6882,"7"
6883,"8"
6884,"7"
6885,"4"
6886,"7"
6887,"6"
6888,"8"
6889,"9"
6890,"4"
6891,"8"
6892,"5"
6893,"9"
6894,"7"
6895,"3"
6896,"8"
6897,"4"
6898,"9"
6899,"9"
6900,"8"
6901,"4"
6902,"6"
6903,"5"
6904,"7"
6905,"9"
6906,"9"
6907,"9"
6908,"1"
6909,"8"
6910,"8"
6911,"3"
6912,"4"
6913,"9"
6914,"7"
6915,"6"
6916,"3"
6917,"7"
6918,"9"
6919,"2"
6920,"8"
6921,"6"
6922,"9"
6923,"8"
6924,"7"
6925,"5"
6926,"9"
6927,"7"
6928,"5"
6929,"5"
6930,"3"
6931,"9"
6932,"9"
6933,"9"
6934,"9"
6935,"9"
6936,"5"
6937,"9"
6938,"5"
6939,"9"
6940,"8"
6941,"3"
6942,"3"
6943,"6"
6944,"8"
6945,"7"
6946,"4"
6947,"3"
6948,"8"
6949,"9"
6950,"5"
6951,"5"
6952,"9"
6953,"8"
6954,"9"
6955,"7"
6956,"3"
6957,"8"
6958,"5"
6959,"5"
6960,"8"
6961,"4"
6962,"8"
6963,"5"
6964,"7"
6965,"8"
6966,"7"
6967,"6"
6968,"9"
6969,"9"
6970,"9"
6971,"5"
6972,"2"
6973,"6"
6974,"7"
6975,"9"
6976,"6"
6977,"9"
6978,"6"
6979,"6"
6980,"4"
6981,"8"
6982,"9"
6983,"9"
6984,"8"
6985,"9"
6986,"5"
6987,"9"
6988,"5"
6989,"8"
6990,"9"
6991,"6"
6992,"2"
6993,"6"
6994,"4"
6995,"4"
6996,"6"
6997,"9"
6998,"6"
6999,"5"
7000,"7"
7001,"7"
7002,"9"
7003,"8"
7004,"7"
7005,"4"
7006,"9"
7007,"3"
7008,"7"
7009,"7"
7010,"6"
7011,"9"
7012,"5"
7013,"4"
7014,"9"
7015,"8"
7016,"8"
7017,"5"
7018,"8"
7019,"9"
7020,"9"
7021,"7"
7022,"8"
7023,"7"
7024,"7"
7025,"7"
7026,"3"
7027,"1"
7028,"9"
7029,"5"
7030,"8"
7031,"9"
7032,"4"
7033,"9"
7034,"3"
7035,"4"
7036,"7"
7037,"8"
7038,"4"
7039,"7"
7040,"7"
7041,"6"
7042,"1"
7043,"9"
7044,"5"
7045,"9"
7046,"8"
7047,"9"
7048,"9"
7049,"3"
7050,"8"
7051,"7"
7052,"3"
7053,"8"
7054,"6"
7055,"5"
7056,"7"
7057,"3"
7058,"9"
7059,"9"
7060,"9"
7061,"8"
7062,"7"
7063,"7"
7064,"7"
7065,"3"
7066,"8"
7067,"5"
7068,"6"
7069,"8"
7070,"8"
7071,"8"
7072,"4"
7073,"9"
7074,"4"
7075,"4"
7076,"8"
7077,"7"
7078,"8"
7079,"7"
7080,"9"
7081,"8"
7082,"8"
7083,"6"
7084,"6"
7085,"7"
7086,"9"
7087,"4"
7088,"9"
7089,"5"
7090,"9"
7091,"3"
7092,"4"
7093,"9"
7094,"9"
7095,"8"
7096,"9"
7097,"7"
7098,"9"
7099,"6"
7100,"2"
7101,"5"
7102,"8"
7103,"3"
7104,"9"
7105,"6"
7106,"7"
7107,"9"
7108,"9"
7109,"9"
7110,"8"
7111,"7"
7112,"7"
7113,"8"
7114,"9"
7115,"9"
7116,"4"
7117,"8"
7118,"7"
7119,"4"
7120,"8"
7121,"5"
7122,"8"
7123,"6"
7124,"8"
7125,"8"
7126,"6"
7127,"7"
7128,"9"
7129,"9"
7130,"9"
7131,"5"
7132,"6"
7133,"3"
7134,"8"
7135,"8"
7136,"2"
7137,"8"
7138,"8"
7139,"4"
7140,"9"
7141,"9"
7142,"9"
7143,"6"
7144,"8"
7145,"7"
7146,"8"
7147,"4"
7148,"1"
7149,"9"
7150,"8"
7151,"8"
7152,"6"
7153,"5"
7154,"8"
7155,"6"
7156,"6"
7157,"6"
7158,"9"
7159,"8"
7160,"9"
7161,"9"
7162,"9"
7163,"6"
7164,"8"
7165,"7"
7166,"8"
7167,"7"
7168,"6"
7169,"7"
7170,"8"
7171,"9"
7172,"9"
7173,"5"
7174,"8"
7175,"7"
7176,"9"
7177,"7"
7178,"7"
7179,"7"
7180,"6"
7181,"5"
7182,"7"
7183,"8"
7184,"2"
7185,"5"
7186,"8"
7187,"8"
7188,"8"
7189,"7"
7190,"8"
7191,"7"
7192,"7"
7193,"4"
7194,"6"
7195,"9"
7196,"3"
7197,"7"
7198,"9"
7199,"9"
7200,"8"
7201,"9"
7202,"9"
7203,"8"
7204,"3"
7205,"5"
7206,"7"
7207,"7"
7208,"9"
7209,"6"
7210,"9"
7211,"5"
7212,"6"
7213,"9"
7214,"9"
7215,"9"
7216,"7"
7217,"2"
7218,"7"
7219,"7"
7220,"8"
7221,"5"
7222,"9"
7223,"6"
7224,"5"
7225,"7"
7226,"9"
7227,"9"
7228,"6"
7229,"6"
7230,"8"
7231,"9"
7232,"8"
7233,"8"
7234,"4"
7235,"9"
7236,"8"
7237,"9"
7238,"8"
7239,"3"
7240,"9"
7241,"9"
7242,"7"
7243,"9"
7244,"8"
7245,"8"
7246,"6"
7247,"7"
7248,"7"
7249,"8"
7250,"1"
7251,"6"
7252,"9"
7253,"6"
7254,"7"
7255,"3"
7256,"9"
7257,"8"
7258,"5"
7259,"9"
7260,"7"
7261,"7"
7262,"6"
7263,"2"
7264,"9"
7265,"3"
7266,"6"
7267,"8"
7268,"2"
7269,"9"
7270,"8"
7271,"9"
7272,"6"
7273,"9"
7274,"5"
7275,"8"
7276,"4"
7277,"7"
7278,"8"
7279,"7"
7280,"6"
7281,"9"
7282,"9"
7283,"9"
7284,"8"
7285,"7"
7286,"6"
7287,"8"
7288,"9"
7289,"8"
7290,"7"
7291,"4"
7292,"8"
7293,"7"
7294,"7"
7295,"8"
7296,"7"
7297,"7"
7298,"6"
7299,"8"
7300,"8"
7301,"6"
7302,"7"
7303,"4"
7304,"4"
7305,"5"
7306,"2"
7307,"9"
7308,"8"
7309,"9"
7310,"7"
7311,"5"
7312,"9"
7313,"2"
7314,"8"
7315,"5"
7316,"9"
7317,"4"
7318,"8"
7319,"4"
7320,"9"
7321,"6"
7322,"6"
7323,"6"
7324,"9"
7325,"7"
7326,"8"
7327,"5"
7328,"8"
7329,"1"
7330,"6"
7331,"9"
7332,"9"
7333,"5"
7334,"6"
7335,"6"
7336,"6"
7337,"8"
7338,"9"
7339,"9"
7340,"9"
7341,"9"
7342,"7"
7343,"3"
7344,"9"
7345,"4"
7346,"8"
7347,"5"
7348,"9"
7349,"9"
7350,"6"
7351,"8"
7352,"9"
7353,"7"
7354,"6"
7355,"6"
7356,"9"
7357,"7"
7358,"7"
7359,"8"
7360,"7"
7361,"6"
7362,"9"
7363,"8"
7364,"8"
7365,"9"
7366,"8"
7367,"3"
7368,"8"
7369,"3"
7370,"7"
7371,"9"
7372,"9"
7373,"8"
7374,"7"
7375,"8"
7376,"8"
7377,"6"
7378,"8"
7379,"8"
7380,"7"
7381,"8"
7382,"9"
7383,"9"
7384,"8"
7385,"3"
7386,"4"
7387,"7"
7388,"7"
7389,"9"
7390,"7"
7391,"8"
7392,"7"
7393,"3"
7394,"6"
7395,"5"
7396,"8"
7397,"3"
7398,"9"
7399,"8"
7400,"9"
7401,"8"
7402,"7"
7403,"6"
7404,"8"
7405,"4"
7406,"7"
7407,"6"
7408,"9"
7409,"7"
7410,"6"
7411,"9"
7412,"4"
7413,"6"
7414,"9"
7415,"9"
7416,"3"
7417,"9"
7418,"6"
7419,"8"
7420,"9"
7421,"5"
7422,"8"
7423,"6"
7424,"7"
7425,"7"
7426,"9"
7427,"8"
7428,"2"
7429,"8"
7430,"9"
7431,"8"
7432,"8"
7433,"7"
7434,"4"
7435,"9"
7436,"8"
7437,"6"
7438,"3"
7439,"4"
7440,"8"
7441,"9"
7442,"9"
7443,"7"
7444,"6"
7445,"8"
7446,"9"
7447,"8"
7448,"7"
7449,"8"
7450,"7"
7451,"6"
7452,"8"
7453,"3"
7454,"7"
7455,"9"
7456,"5"
7457,"8"
7458,"8"
7459,"9"
7460,"7"
7461,"5"
7462,"9"
7463,"8"
7464,"7"
7465,"6"
7466,"8"
7467,"7"
7468,"8"
7469,"6"
7470,"7"
7471,"9"
7472,"8"
7473,"6"
7474,"7"
7475,"4"
7476,"9"
7477,"9"
7478,"7"
7479,"5"
7480,"8"
7481,"2"
7482,"8"
7483,"7"
7484,"5"
7485,"5"
7486,"5"
7487,"4"
7488,"7"
7489,"9"
7490,"7"
7491,"8"
7492,"6"
7493,"8"
7494,"8"
7495,"4"
7496,"6"
7497,"9"
7498,"9"
7499,"9"
7500,"8"
7501,"9"
7502,"7"
7503,"9"
7504,"5"
7505,"7"
7506,"3"
7507,"6"
7508,"7"
7509,"9"
7510,"9"
7511,"8"
7512,"7"
7513,"9"
7514,"3"
7515,"9"
7516,"9"
7517,"8"
7518,"8"
7519,"9"
7520,"4"
7521,"6"
7522,"6"
7523,"7"
7524,"6"
7525,"6"
7526,"9"
7527,"9"
7528,"9"
7529,"9"
7530,"4"
7531,"6"
7532,"8"
7533,"7"
7534,"6"
7535,"9"
7536,"8"
7537,"4"
7538,"2"
7539,"8"
7540,"3"
7541,"9"
7542,"8"
7543,"8"
7544,"9"
7545,"6"
7546,"9"
7547,"9"
7548,"9"
7549,"5"
7550,"9"
7551,"6"
7552,"7"
7553,"8"
7554,"6"
7555,"5"
7556,"5"
7557,"8"
7558,"9"
7559,"6"
7560,"9"
7561,"8"
7562,"4"
7563,"6"
7564,"6"
7565,"7"
7566,"3"
7567,"7"
7568,"6"
7569,"5"
7570,"3"
7571,"6"
7572,"8"
7573,"6"
7574,"8"
7575,"9"
7576,"9"
7577,"8"
7578,"9"
7579,"2"
7580,"9"
7581,"9"
7582,"4"
7583,"6"
7584,"9"
7585,"8"
7586,"9"
7587,"6"
7588,"4"
7589,"7"
7590,"5"
7591,"9"
7592,"7"
7593,"9"
7594,"8"
7595,"6"
7596,"5"
7597,"7"
7598,"7"
7599,"5"
7600,"4"
7601,"5"
7602,"3"
7603,"7"
7604,"6"
7605,"9"
7606,"7"
7607,"9"
7608,"9"
7609,"7"
7610,"9"
7611,"9"
7612,"8"
7613,"5"
7614,"9"
7615,"9"
7616,"8"
7617,"8"
7618,"5"
7619,"9"
7620,"6"
7621,"9"
7622,"3"
7623,"9"
7624,"5"
7625,"9"
7626,"9"
7627,"6"
7628,"8"
7629,"9"
7630,"7"
7631,"8"
7632,"4"
7633,"9"
7634,"9"
7635,"9"
7636,"8"
7637,"8"
7638,"9"
7639,"7"
7640,"9"
7641,"6"
7642,"6"
7643,"7"
7644,"5"
7645,"9"
7646,"9"
7647,"5"
7648,"7"
7649,"7"
7650,"7"
7651,"8"
7652,"3"
7653,"8"
7654,"3"
7655,"4"
7656,"9"
7657,"4"
7658,"8"
7659,"7"
7660,"8"
7661,"7"
7662,"9"
7663,"7"
7664,"9"
7665,"8"
7666,"7"
7667,"9"
7668,"8"
7669,"4"
7670,"7"
7671,"6"
7672,"5"
7673,"4"
7674,"9"
7675,"6"
7676,"8"
7677,"7"
7678,"9"
7679,"5"
7680,"6"
7681,"6"
7682,"9"
7683,"5"
7684,"9"
7685,"6"
7686,"9"
7687,"8"
7688,"7"
7689,"4"
7690,"9"
7691,"5"
7692,"7"
7693,"6"
7694,"7"
7695,"7"
7696,"9"
7697,"4"
7698,"3"
7699,"6"
7700,"9"
7701,"6"
7702,"5"
7703,"9"
7704,"9"
7705,"7"
7706,"6"
7707,"8"
7708,"3"
7709,"9"
7710,"9"
7711,"7"
7712,"5"
7713,"5"
7714,"7"
7715,"4"
7716,"9"
7717,"2"
7718,"9"
7719,"6"
7720,"4"
7721,"9"
7722,"6"
7723,"8"
7724,"9"
7725,"6"
7726,"8"
7727,"3"
7728,"9"
7729,"6"
7730,"9"
7731,"3"
7732,"9"
7733,"8"
7734,"8"
7735,"8"
7736,"5"
7737,"4"
7738,"8"
7739,"8"
7740,"2"
7741,"8"
7742,"5"
7743,"4"
7744,"8"
7745,"9"
7746,"7"
7747,"0"
7748,"8"
7749,"9"
7750,"6"
7751,"4"
7752,"8"
7753,"9"
7754,"8"
7755,"7"
7756,"8"
7757,"5"
7758,"7"
7759,"6"
7760,"3"
7761,"1"
7762,"8"
7763,"9"
7764,"4"
7765,"8"
7766,"4"
7767,"4"
7768,"8"
7769,"7"
7770,"6"
7771,"9"
7772,"7"
7773,"8"
7774,"2"
7775,"9"
7776,"4"
7777,"7"
7778,"6"
7779,"8"
7780,"5"
7781,"8"
7782,"8"
7783,"4"
7784,"4"
7785,"9"
7786,"9"
7787,"9"
7788,"8"
7789,"9"
7790,"7"
7791,"3"
7792,"5"
7793,"9"
7794,"7"
7795,"2"
7796,"7"
7797,"6"
7798,"9"
7799,"9"
7800,"8"
7801,"9"
7802,"3"
7803,"4"
7804,"6"
7805,"6"
7806,"9"
7807,"4"
7808,"2"
7809,"8"
7810,"3"
7811,"5"
7812,"2"
7813,"9"
7814,"9"
7815,"9"
7816,"8"
7817,"4"
7818,"9"
7819,"5"
7820,"8"
7821,"8"
7822,"9"
7823,"4"
7824,"3"
7825,"4"
7826,"3"
7827,"7"
7828,"8"
7829,"3"
7830,"8"
7831,"8"
7832,"4"
7833,"6"
7834,"9"
7835,"5"
7836,"4"
7837,"8"
7838,"8"
7839,"7"
7840,"8"
7841,"9"
7842,"9"
7843,"6"
7844,"6"
7845,"7"
7846,"7"
7847,"8"
7848,"9"
7849,"9"
7850,"9"
7851,"2"
7852,"9"
7853,"5"
7854,"4"
7855,"5"
7856,"8"
7857,"9"
7858,"8"
7859,"9"
7860,"8"
7861,"6"
7862,"8"
7863,"9"
7864,"8"
7865,"9"
7866,"7"
7867,"6"
7868,"9"
7869,"9"
7870,"9"
7871,"5"
7872,"8"
7873,"8"
7874,"2"
7875,"6"
7876,"3"
7877,"8"
7878,"1"
7879,"6"
7880,"8"
7881,"8"
7882,"8"
7883,"7"
7884,"9"
7885,"8"
7886,"3"
7887,"8"
7888,"8"
7889,"9"
7890,"2"
7891,"7"
7892,"5"
7893,"7"
7894,"4"
7895,"4"
7896,"9"
7897,"4"
7898,"6"
7899,"7"
7900,"9"
7901,"5"
7902,"8"
7903,"6"
7904,"9"
7905,"8"
7906,"3"
7907,"6"
7908,"7"
7909,"6"
7910,"9"
7911,"8"
7912,"9"
7913,"8"
7914,"8"
7915,"9"
7916,"3"
7917,"8"
7918,"6"
7919,"4"
7920,"8"
7921,"9"
7922,"6"
7923,"2"
7924,"9"
7925,"8"
7926,"7"
7927,"7"
7928,"4"
7929,"3"
7930,"6"
7931,"6"
7932,"3"
7933,"8"
7934,"6"
7935,"5"
7936,"9"
7937,"8"
7938,"6"
7939,"4"
7940,"7"
7941,"9"
7942,"9"
7943,"9"
7944,"9"
7945,"6"
7946,"8"
7947,"9"
7948,"6"
7949,"9"
7950,"7"
7951,"9"
7952,"9"
7953,"2"
7954,"5"
7955,"6"
7956,"4"
7957,"6"
7958,"5"
7959,"6"
7960,"8"
7961,"6"
7962,"7"
7963,"5"
7964,"9"
7965,"7"
7966,"6"
7967,"2"
7968,"9"
7969,"9"
7970,"6"
7971,"6"
7972,"8"
7973,"8"
7974,"7"
7975,"8"
7976,"2"
7977,"2"
7978,"7"
7979,"9"
7980,"9"
7981,"9"
7982,"6"
7983,"9"
7984,"4"
7985,"9"
7986,"5"
7987,"8"
7988,"8"
7989,"9"
7990,"7"
7991,"6"
7992,"9"
7993,"7"
7994,"2"
7995,"8"
7996,"8"
7997,"8"
7998,"8"
7999,"2"
8000,"7"
8001,"7"
8002,"8"
8003,"8"
8004,"5"
8005,"9"
8006,"7"
8007,"7"
8008,"6"
8009,"6"
8010,"3"
8011,"5"
8012,"5"
8013,"8"
8014,"8"
8015,"7"
8016,"9"
8017,"8"
8018,"8"
8019,"8"
8020,"8"
8021,"5"
8022,"7"
8023,"3"
8024,"7"
8025,"5"
8026,"8"
8027,"9"
8028,"8"
8029,"8"
8030,"8"
8031,"6"
8032,"8"
8033,"5"
8034,"8"
8035,"7"
8036,"7"
8037,"7"
8038,"9"
8039,"6"
8040,"3"
8041,"9"
8042,"8"
8043,"9"
8044,"7"
8045,"7"
8046,"6"
8047,"4"
8048,"9"
8049,"8"
8050,"7"
8051,"9"
8052,"6"
8053,"8"
8054,"9"
8055,"4"
8056,"9"
8057,"7"
8058,"7"
8059,"7"
8060,"9"
8061,"6"
8062,"7"
8063,"7"
8064,"9"
8065,"5"
8066,"9"
8067,"7"
8068,"5"
8069,"5"
8070,"3"
8071,"9"
8072,"8"
8073,"5"
8074,"6"
8075,"8"
8076,"9"
8077,"7"
8078,"8"
8079,"8"
8080,"7"
8081,"9"
8082,"7"
8083,"4"
8084,"4"
8085,"6"
8086,"9"
8087,"9"
8088,"3"
8089,"4"
8090,"6"
8091,"8"
8092,"9"
8093,"8"
8094,"7"
8095,"8"
8096,"5"
8097,"8"
8098,"2"
8099,"9"
8100,"9"
8101,"7"
8102,"7"
8103,"9"
8104,"2"
8105,"9"
8106,"6"
8107,"9"
8108,"9"
8109,"2"
8110,"8"
8111,"6"
8112,"8"
8113,"7"
8114,"7"
8115,"5"
8116,"7"
8117,"9"
8118,"9"
8119,"8"
8120,"9"
8121,"4"
8122,"9"
8123,"9"
8124,"8"
8125,"8"
8126,"6"
8127,"8"
8128,"8"
8129,"8"
8130,"5"
8131,"2"
8132,"8"
8133,"8"
8134,"8"
8135,"8"
8136,"9"
8137,"8"
8138,"8"
8139,"8"
8140,"3"
8141,"2"
8142,"9"
8143,"4"
8144,"3"
8145,"9"
8146,"9"
8147,"4"
8148,"5"
8149,"1"
8150,"5"
8151,"9"
8152,"8"
8153,"8"
8154,"8"
8155,"9"
8156,"8"
8157,"6"
8158,"7"
8159,"9"
8160,"5"
8161,"9"
8162,"9"
8163,"5"
8164,"7"
8165,"5"
8166,"3"
8167,"9"
8168,"8"
8169,"6"
8170,"6"
8171,"7"
8172,"8"
8173,"8"
8174,"9"
8175,"5"
8176,"7"
8177,"4"
8178,"8"
8179,"8"
8180,"8"
8181,"7"
8182,"9"
8183,"8"
8184,"9"
8185,"3"
8186,"3"
8187,"4"
8188,"8"
8189,"8"
8190,"8"
8191,"7"
8192,"8"
8193,"7"
8194,"9"
8195,"7"
8196,"9"
8197,"8"
8198,"7"
8199,"8"
8200,"7"
8201,"8"
8202,"9"
8203,"7"
8204,"7"
8205,"6"
8206,"7"
8207,"5"
8208,"9"
8209,"9"
8210,"5"
8211,"3"
8212,"8"
8213,"7"
8214,"3"
8215,"6"
8216,"8"
8217,"4"
8218,"4"
8219,"4"
8220,"7"
8221,"9"
8222,"8"
8223,"8"
8224,"3"
8225,"5"
8226,"7"
8227,"5"
8228,"5"
8229,"6"
8230,"9"
8231,"8"
8232,"3"
8233,"8"
8234,"7"
8235,"4"
8236,"9"
8237,"9"
8238,"5"
8239,"8"
8240,"8"
8241,"7"
8242,"3"
8243,"9"
8244,"5"
8245,"9"
8246,"3"
8247,"9"
8248,"8"
8249,"8"
8250,"4"
8251,"9"
8252,"8"
8253,"6"
8254,"7"
8255,"4"
8256,"7"
8257,"6"
8258,"5"
8259,"3"
8260,"2"
8261,"6"
8262,"9"
8263,"8"
8264,"8"
8265,"7"
8266,"4"
8267,"2"
8268,"8"
8269,"5"
8270,"7"
8271,"8"
8272,"6"
8273,"6"
8274,"7"
8275,"4"
8276,"4"
8277,"9"
8278,"1"
8279,"8"
8280,"8"
8281,"9"
8282,"8"
8283,"7"
8284,"9"
8285,"8"
8286,"9"
8287,"5"
8288,"8"
8289,"8"
8290,"1"
8291,"5"
8292,"8"
8293,"8"
8294,"9"
8295,"9"
8296,"8"
8297,"7"
8298,"8"
8299,"6"
8300,"7"
8301,"5"
8302,"9"
8303,"9"
8304,"9"
8305,"9"
8306,"9"
8307,"7"
8308,"8"
8309,"9"
8310,"4"
8311,"6"
8312,"8"
8313,"6"
8314,"4"
8315,"1"
8316,"6"
8317,"9"
8318,"6"
8319,"9"
8320,"9"
8321,"6"
8322,"6"
8323,"8"
8324,"6"
8325,"8"
8326,"8"
8327,"4"
8328,"9"
8329,"4"
8330,"9"
8331,"7"
8332,"7"
8333,"9"
8334,"9"
8335,"7"
8336,"9"
8337,"9"
8338,"7"
8339,"8"
8340,"8"
8341,"9"
8342,"9"
8343,"7"
8344,"6"
8345,"4"
8346,"9"
8347,"5"
8348,"8"
8349,"5"
8350,"8"
8351,"3"
8352,"9"
8353,"6"
8354,"9"
8355,"6"
8356,"9"
8357,"9"
8358,"8"
8359,"7"
8360,"9"
8361,"5"
8362,"9"
8363,"6"
8364,"9"
8365,"9"
8366,"9"
8367,"9"
8368,"9"
8369,"3"
8370,"5"
8371,"8"
8372,"8"
8373,"9"
8374,"5"
8375,"5"
8376,"7"
8377,"2"
8378,"9"
8379,"8"
8380,"6"
8381,"9"
8382,"3"
8383,"8"
8384,"9"
8385,"8"
8386,"5"
8387,"3"
8388,"2"
8389,"7"
8390,"8"
8391,"7"
8392,"5"
8393,"7"
8394,"7"
8395,"4"
8396,"8"
8397,"9"
8398,"9"
8399,"8"
8400,"9"
8401,"9"
8402,"8"
8403,"9"
8404,"9"
8405,"6"
8406,"8"
8407,"7"
8408,"5"
8409,"9"
8410,"9"
8411,"9"
8412,"9"
8413,"9"
8414,"9"
8415,"6"
8416,"4"
8417,"8"
8418,"7"
8419,"9"
8420,"9"
8421,"5"
8422,"9"
8423,"8"
8424,"9"
8425,"6"
8426,"9"
8427,"4"
8428,"6"
8429,"9"
8430,"5"
8431,"9"
8432,"9"
8433,"7"
8434,"9"
8435,"7"
8436,"9"
8437,"8"
8438,"6"
8439,"6"
8440,"6"
8441,"9"
8442,"9"
8443,"9"
8444,"8"
8445,"9"
8446,"7"
8447,"8"
8448,"5"
8449,"5"
8450,"9"
8451,"9"
8452,"6"
8453,"9"
8454,"8"
8455,"8"
8456,"1"
8457,"7"
8458,"8"
8459,"8"
8460,"8"
8461,"8"
8462,"9"
8463,"8"
8464,"8"
8465,"9"
8466,"6"
8467,"7"
8468,"7"
8469,"8"
8470,"9"
8471,"7"
8472,"6"
8473,"7"
8474,"7"
8475,"3"
8476,"2"
8477,"7"
8478,"5"
8479,"8"
8480,"5"
8481,"9"
8482,"9"
8483,"5"
8484,"8"
8485,"8"
8486,"7"
8487,"9"
8488,"9"
8489,"8"
8490,"1"
8491,"9"
8492,"8"
8493,"8"
8494,"6"
8495,"4"
8496,"9"
8497,"7"
8498,"7"
8499,"7"
8500,"8"
8501,"9"
8502,"7"
8503,"7"
8504,"9"
8505,"8"
8506,"6"
8507,"2"
8508,"8"
8509,"8"
8510,"9"
8511,"9"
8512,"5"
8513,"7"
8514,"7"
8515,"6"
8516,"9"
8517,"5"
8518,"8"
8519,"9"
8520,"8"
8521,"7"
8522,"5"
8523,"8"
8524,"7"
8525,"8"
8526,"9"
8527,"7"
8528,"8"
8529,"9"
8530,"6"
8531,"6"
8532,"6"
8533,"7"
8534,"7"
8535,"9"
8536,"8"
8537,"7"
8538,"7"
8539,"7"
8540,"9"
8541,"9"
8542,"3"
8543,"9"
8544,"6"
8545,"9"
8546,"8"
8547,"4"
8548,"4"
8549,"3"
8550,"8"
8551,"5"
8552,"8"
8553,"7"
8554,"7"
8555,"8"
8556,"9"
8557,"7"
8558,"7"
8559,"6"
8560,"6"
8561,"8"
8562,"4"
8563,"7"
8564,"6"
8565,"6"
8566,"9"
8567,"9"
8568,"2"
8569,"5"
8570,"9"
8571,"8"
8572,"9"
8573,"5"
8574,"9"
8575,"7"
8576,"6"
8577,"3"
8578,"9"
8579,"8"
8580,"8"
8581,"7"
8582,"9"
8583,"3"
8584,"7"
8585,"9"
8586,"3"
8587,"7"
8588,"9"
8589,"4"
8590,"8"
8591,"5"
8592,"8"
8593,"9"
8594,"8"
8595,"5"
8596,"8"
8597,"8"
8598,"6"
8599,"9"
8600,"5"
8601,"4"
8602,"9"
8603,"4"
8604,"9"
8605,"9"
8606,"8"
8607,"5"
8608,"7"
8609,"9"
8610,"5"
8611,"7"
8612,"6"
8613,"5"
8614,"9"
8615,"8"
8616,"9"
8617,"6"
8618,"9"
8619,"5"
8620,"6"
8621,"9"
8622,"5"
8623,"6"
8624,"6"
8625,"9"
8626,"9"
8627,"4"
8628,"5"
8629,"6"
8630,"4"
8631,"8"
8632,"8"
8633,"9"
8634,"4"
8635,"8"
8636,"9"
8637,"7"
8638,"6"
8639,"9"
8640,"7"
8641,"8"
8642,"7"
8643,"6"
8644,"8"
8645,"8"
8646,"9"
8647,"2"
8648,"9"
8649,"5"
8650,"7"
8651,"4"
8652,"8"
8653,"6"
8654,"5"
8655,"5"
8656,"9"
8657,"9"
8658,"6"
8659,"7"
8660,"0"
8661,"8"
8662,"6"
8663,"7"
8664,"6"
8665,"8"
8666,"9"
8667,"9"
8668,"9"
8669,"9"
8670,"7"
8671,"5"
8672,"5"
8673,"4"
8674,"8"
8675,"4"
8676,"8"
8677,"7"
8678,"7"
8679,"9"
8680,"7"
8681,"4"
8682,"5"
8683,"9"
8684,"8"
8685,"9"
8686,"9"
8687,"6"
8688,"9"
8689,"4"
8690,"7"
8691,"8"
8692,"7"
8693,"9"
8694,"5"
8695,"8"
8696,"4"
8697,"7"
8698,"8"
8699,"4"
8700,"9"
8701,"8"
8702,"8"
8703,"8"
8704,"7"
8705,"5"
8706,"4"
8707,"9"
8708,"5"
8709,"9"
8710,"7"
8711,"8"
8712,"6"
8713,"9"
8714,"7"
8715,"9"
8716,"3"
8717,"9"
8718,"9"
8719,"9"
8720,"6"
8721,"4"
8722,"2"
8723,"3"
8724,"1"
8725,"7"
8726,"3"
8727,"7"
8728,"6"
8729,"8"
8730,"9"
8731,"4"
8732,"8"
8733,"9"
8734,"9"
8735,"4"
8736,"5"
8737,"8"
8738,"8"
8739,"8"
8740,"8"
8741,"8"
8742,"7"
8743,"5"
8744,"8"
8745,"5"
8746,"4"
8747,"7"
8748,"8"
8749,"7"
8750,"8"
8751,"9"
8752,"8"
8753,"6"
8754,"7"
8755,"4"
8756,"9"
8757,"5"
8758,"6"
8759,"9"
8760,"8"
8761,"9"
8762,"9"
8763,"8"
8764,"8"
8765,"9"
8766,"9"
8767,"6"
8768,"9"
8769,"8"
8770,"6"
8771,"7"
8772,"8"
8773,"6"
8774,"9"
8775,"3"
8776,"4"
8777,"9"
8778,"8"
8779,"9"
8780,"9"
8781,"8"
8782,"9"
8783,"4"
8784,"9"
8785,"8"
8786,"9"
8787,"9"
8788,"7"
8789,"6"
8790,"8"
8791,"7"
8792,"7"
8793,"7"
8794,"7"
8795,"8"
8796,"9"
8797,"7"
8798,"9"
8799,"8"
8800,"8"
8801,"6"
8802,"7"
8803,"9"
8804,"7"
8805,"9"
8806,"4"
8807,"6"
8808,"8"
8809,"9"
8810,"9"
8811,"9"
8812,"8"
8813,"8"
8814,"2"
8815,"4"
8816,"9"
8817,"8"
8818,"9"
8819,"9"
8820,"8"
8821,"8"
8822,"6"
8823,"5"
8824,"9"
8825,"8"
8826,"5"
8827,"8"
8828,"5"
8829,"9"
8830,"4"
8831,"9"
8832,"6"
8833,"9"
8834,"7"
8835,"9"
8836,"6"
8837,"8"
8838,"4"
8839,"7"
8840,"3"
8841,"7"
8842,"9"
8843,"8"
8844,"8"
8845,"7"
8846,"5"
8847,"3"
8848,"9"
8849,"5"
8850,"8"
8851,"9"
8852,"7"
8853,"2"
8854,"2"
8855,"7"
8856,"7"
8857,"8"
8858,"6"
8859,"9"
8860,"5"
8861,"6"
8862,"8"
8863,"7"
8864,"8"
8865,"8"
8866,"7"
8867,"8"
8868,"9"
8869,"7"
8870,"4"
8871,"8"
8872,"7"
8873,"7"
8874,"5"
8875,"6"
8876,"8"
8877,"8"
8878,"7"
8879,"7"
8880,"8"
8881,"7"
8882,"8"
8883,"8"
8884,"8"
8885,"9"
8886,"9"
8887,"8"
8888,"4"
8889,"8"
8890,"8"
8891,"2"
8892,"9"
8893,"7"
8894,"9"
8895,"1"
8896,"7"
8897,"9"
8898,"6"
8899,"8"
8900,"7"
8901,"8"
8902,"8"
8903,"7"
8904,"7"
8905,"6"
8906,"6"
8907,"3"
8908,"8"
8909,"6"
8910,"9"
8911,"7"
8912,"6"
8913,"8"
8914,"4"
8915,"8"
8916,"9"
8917,"4"
8918,"8"
8919,"7"
8920,"7"
8921,"8"
8922,"6"
8923,"5"
8924,"8"
8925,"9"
8926,"9"
8927,"7"
8928,"9"
8929,"8"
8930,"9"
8931,"9"
8932,"7"
8933,"6"
8934,"5"
8935,"6"
8936,"7"
8937,"6"
8938,"9"
8939,"7"
8940,"9"
8941,"8"
8942,"5"
8943,"7"
8944,"9"
8945,"3"
8946,"8"
8947,"7"
8948,"4"
8949,"7"
8950,"6"
8951,"5"
8952,"2"
8953,"1"
8954,"8"
8955,"9"
8956,"9"
8957,"9"
8958,"5"
8959,"9"
8960,"9"
8961,"6"
8962,"7"
8963,"8"
8964,"7"
8965,"9"
8966,"6"
8967,"9"
8968,"7"
8969,"8"
8970,"3"
8971,"6"
8972,"4"
8973,"6"
8974,"7"
8975,"6"
8976,"5"
8977,"8"
8978,"6"
8979,"8"
8980,"6"
8981,"7"
8982,"5"
8983,"7"
8984,"4"
8985,"8"
8986,"1"
8987,"9"
8988,"2"
8989,"9"
8990,"9"
8991,"9"
8992,"9"
8993,"6"
8994,"3"
8995,"5"
8996,"3"
8997,"5"
8998,"6"
8999,"5"
9000,"9"
9001,"9"
9002,"3"
9003,"7"
9004,"7"
9005,"5"
9006,"6"
9007,"8"
9008,"8"
9009,"4"
9010,"8"
9011,"9"
9012,"8"
9013,"9"
9014,"6"
9015,"8"
9016,"6"
9017,"5"
9018,"5"
9019,"5"
9020,"7"
9021,"9"
9022,"2"
9023,"8"
9024,"2"
9025,"4"
9026,"5"
9027,"8"
9028,"4"
9029,"9"
9030,"9"
9031,"4"
9032,"6"
9033,"4"
9034,"8"
9035,"4"
9036,"7"
9037,"8"
9038,"3"
9039,"8"
9040,"6"
9041,"5"
9042,"7"
9043,"4"
9044,"5"
9045,"8"
9046,"7"
9047,"6"
9048,"4"
9049,"8"
9050,"1"
9051,"8"
9052,"9"
9053,"5"
9054,"9"
9055,"8"
9056,"4"
9057,"9"
9058,"9"
9059,"8"
9060,"6"
9061,"6"
9062,"8"
9063,"6"
9064,"3"
9065,"8"
9066,"6"
9067,"5"
9068,"9"
9069,"3"
9070,"9"
9071,"7"
9072,"6"
9073,"8"
9074,"4"
9075,"7"
9076,"4"
9077,"8"
9078,"7"
9079,"9"
9080,"7"
9081,"2"
9082,"9"
9083,"6"
9084,"8"
9085,"3"
9086,"9"
9087,"9"
9088,"8"
9089,"7"
9090,"2"
9091,"8"
9092,"8"
9093,"8"
9094,"9"
9095,"9"
9096,"8"
9097,"7"
9098,"8"
9099,"9"
9100,"8"
9101,"7"
9102,"5"
9103,"9"
9104,"6"
9105,"7"
9106,"6"
9107,"7"
9108,"9"
9109,"8"
9110,"9"
9111,"5"
9112,"6"
9113,"9"
9114,"7"
9115,"9"
9116,"7"
9117,"8"
9118,"7"
9119,"9"
9120,"7"
9121,"9"
9122,"9"
9123,"7"
9124,"3"
9125,"4"
9126,"8"
9127,"7"
9128,"9"
9129,"9"
9130,"8"
9131,"8"
9132,"8"
9133,"8"
9134,"4"
9135,"8"
9136,"3"
9137,"9"
9138,"5"
9139,"7"
9140,"7"
9141,"9"
9142,"6"
9143,"7"
9144,"8"
9145,"6"
9146,"6"
9147,"5"
9148,"6"
9149,"6"
9150,"3"
9151,"8"
9152,"8"
9153,"3"
9154,"9"
9155,"8"
9156,"4"
9157,"8"
9158,"9"
9159,"9"
9160,"7"
9161,"9"
9162,"9"
9163,"8"
9164,"3"
9165,"6"
9166,"9"
9167,"4"
9168,"9"
9169,"8"
9170,"8"
9171,"9"
9172,"8"
9173,"9"
9174,"9"
9175,"9"
9176,"7"
9177,"6"
9178,"7"
9179,"6"
9180,"5"
9181,"8"
9182,"8"
9183,"7"
9184,"8"
9185,"7"
9186,"8"
9187,"9"
9188,"9"
9189,"9"
9190,"7"
9191,"3"
9192,"9"
9193,"8"
9194,"9"
9195,"6"
9196,"5"
9197,"3"
9198,"7"
9199,"8"
9200,"7"
9201,"6"
9202,"9"
9203,"8"
9204,"9"
9205,"8"
9206,"6"
9207,"7"
9208,"8"
9209,"7"
9210,"7"
9211,"3"
9212,"9"
9213,"6"
9214,"2"
9215,"4"
9216,"6"
9217,"6"
9218,"8"
9219,"7"
9220,"7"
9221,"3"
9222,"9"
9223,"9"
9224,"7"
9225,"5"
9226,"6"
9227,"8"
9228,"6"
9229,"5"
9230,"5"
9231,"9"
9232,"8"
9233,"6"
9234,"9"
9235,"7"
9236,"2"
9237,"8"
9238,"9"
9239,"6"
9240,"8"
9241,"6"
9242,"6"
9243,"4"
9244,"8"
9245,"7"
9246,"8"
9247,"7"
9248,"7"
9249,"7"
9250,"9"
9251,"2"
9252,"9"
9253,"5"
9254,"9"
9255,"8"
9256,"8"
9257,"4"
9258,"9"
9259,"7"
9260,"3"
9261,"4"
9262,"9"
9263,"8"
9264,"7"
9265,"4"
9266,"6"
9267,"5"
9268,"6"
9269,"5"
9270,"3"
9271,"6"
9272,"8"
9273,"8"
9274,"8"
9275,"9"
9276,"7"
9277,"9"
9278,"7"
9279,"9"
9280,"6"
9281,"9"
9282,"7"
9283,"5"
9284,"7"
9285,"4"
9286,"7"
9287,"7"
9288,"8"
9289,"7"
9290,"7"
9291,"7"
9292,"8"
9293,"9"
9294,"4"
9295,"7"
9296,"6"
9297,"6"
9298,"8"
9299,"2"
9300,"8"
9301,"4"
9302,"9"
9303,"8"
9304,"8"
9305,"2"
9306,"5"
9307,"9"
9308,"7"
9309,"8"
9310,"5"
9311,"7"
9312,"8"
9313,"9"
9314,"5"
9315,"9"
9316,"7"
9317,"4"
9318,"9"
9319,"6"
9320,"7"
9321,"7"
9322,"4"
9323,"9"
9324,"9"
9325,"4"
9326,"9"
9327,"7"
9328,"5"
9329,"6"
9330,"6"
9331,"7"
9332,"8"
9333,"4"
9334,"9"
9335,"7"
9336,"4"
9337,"5"
9338,"6"
9339,"3"
9340,"6"
9341,"8"
9342,"7"
9343,"8"
9344,"8"
9345,"9"
9346,"6"
9347,"6"
9348,"8"
9349,"1"
9350,"9"
9351,"5"
9352,"8"
9353,"8"
9354,"4"
9355,"8"
9356,"6"
9357,"4"
9358,"4"
9359,"9"
9360,"7"
9361,"5"
9362,"7"
9363,"7"
9364,"7"
9365,"9"
9366,"6"
9367,"2"
9368,"9"
9369,"4"
9370,"8"
9371,"7"
9372,"9"
9373,"9"
9374,"8"
9375,"9"
9376,"9"
9377,"9"
9378,"5"
9379,"7"
9380,"9"
9381,"8"
9382,"2"
9383,"8"
9384,"6"
9385,"7"
9386,"7"
9387,"3"
9388,"8"
9389,"9"
9390,"9"
9391,"8"
9392,"7"
9393,"9"
9394,"7"
9395,"9"
9396,"4"
9397,"9"
9398,"8"
9399,"4"
9400,"9"
9401,"9"
9402,"6"
9403,"7"
9404,"9"
9405,"5"
9406,"6"
9407,"7"
9408,"9"
9409,"9"
9410,"7"
9411,"4"
9412,"8"
9413,"6"
9414,"3"
9415,"9"
9416,"9"
9417,"9"
9418,"9"
9419,"8"
9420,"8"
9421,"3"
9422,"4"
9423,"5"
9424,"9"
9425,"7"
9426,"1"
9427,"5"
9428,"6"
9429,"8"
9430,"7"
9431,"3"
9432,"8"
9433,"9"
9434,"8"
9435,"7"
9436,"9"
9437,"3"
9438,"7"
9439,"9"
9440,"5"
9441,"7"
9442,"6"
9443,"8"
9444,"7"
9445,"2"
9446,"4"
9447,"5"
9448,"9"
9449,"4"
9450,"7"
9451,"8"
9452,"9"
9453,"2"
9454,"3"
9455,"4"
9456,"8"
9457,"7"
9458,"5"
9459,"7"
9460,"8"
9461,"9"
9462,"8"
9463,"4"
9464,"4"
9465,"6"
9466,"8"
9467,"8"
9468,"9"
9469,"6"
9470,"8"
9471,"9"
9472,"8"
9473,"9"
9474,"6"
9475,"6"
9476,"3"
9477,"5"
9478,"4"
9479,"9"
9480,"9"
9481,"9"
9482,"8"
9483,"6"
9484,"1"
9485,"5"
9486,"7"
9487,"5"
9488,"8"
9489,"9"
9490,"9"
9491,"7"
9492,"4"
9493,"9"
9494,"9"
9495,"6"
9496,"9"
9497,"5"
9498,"8"
9499,"7"
9500,"6"
9501,"9"
9502,"9"
9503,"8"
9504,"5"
9505,"8"
9506,"2"
9507,"7"
9508,"9"
9509,"5"
9510,"6"
9511,"8"
9512,"9"
9513,"8"
9514,"8"
9515,"8"
9516,"3"
9517,"2"
9518,"5"
9519,"8"
9520,"7"
9521,"2"
9522,"2"
9523,"9"
9524,"3"
9525,"4"
9526,"3"
9527,"2"
9528,"5"
9529,"4"
9530,"6"
9531,"8"
9532,"8"
9533,"2"
9534,"8"
9535,"7"
9536,"9"
9537,"9"
9538,"6"
9539,"7"
9540,"7"
9541,"4"
9542,"7"
9543,"7"
9544,"7"
9545,"4"
9546,"6"
9547,"3"
9548,"9"
9549,"5"
9550,"6"
9551,"9"
9552,"5"
9553,"8"
9554,"8"
9555,"9"
9556,"9"
9557,"6"
9558,"8"
9559,"8"
9560,"5"
9561,"7"
9562,"9"
9563,"7"
9564,"8"
9565,"9"
9566,"7"
9567,"6"
9568,"7"
9569,"8"
9570,"6"
9571,"3"
9572,"4"
9573,"9"
9574,"9"
9575,"8"
9576,"4"
9577,"8"
9578,"8"
9579,"8"
9580,"7"
9581,"3"
9582,"8"
9583,"8"
9584,"8"
9585,"7"
9586,"9"
9587,"6"
9588,"3"
9589,"9"
9590,"9"
9591,"3"
9592,"8"
9593,"6"
9594,"7"
9595,"8"
9596,"9"
9597,"7"
9598,"8"
9599,"9"
9600,"9"
9601,"5"
9602,"8"
9603,"8"
9604,"8"
9605,"5"
9606,"9"
9607,"8"
9608,"9"
9609,"7"
9610,"8"
9611,"8"
9612,"8"
9613,"7"
9614,"9"
9615,"9"
9616,"7"
9617,"9"
9618,"9"
9619,"9"
9620,"6"
9621,"8"
9622,"8"
9623,"8"
9624,"6"
9625,"9"
9626,"5"
9627,"6"
9628,"6"
9629,"3"
9630,"8"
9631,"8"
9632,"6"
9633,"8"
9634,"6"
9635,"8"
9636,"5"
9637,"9"
9638,"6"
9639,"3"
9640,"7"
9641,"9"
9642,"8"
9643,"9"
9644,"6"
9645,"9"
9646,"7"
9647,"8"
9648,"4"
9649,"9"
9650,"4"
9651,"8"
9652,"4"
9653,"8"
9654,"5"
9655,"9"
9656,"4"
9657,"9"
9658,"8"
9659,"5"
9660,"7"
9661,"9"
9662,"5"
9663,"6"
9664,"8"
9665,"6"
9666,"9"
9667,"8"
9668,"7"
9669,"8"
9670,"8"
9671,"4"
9672,"9"
9673,"9"
9674,"9"
9675,"8"
9676,"9"
9677,"8"
9678,"8"
9679,"7"
9680,"7"
9681,"7"
9682,"3"
9683,"9"
9684,"8"
9685,"8"
9686,"4"
9687,"3"
9688,"7"
9689,"5"
9690,"9"
9691,"9"
9692,"3"
9693,"7"
9694,"9"
9695,"9"
9696,"9"
9697,"8"
9698,"3"
9699,"8"
9700,"1"
9701,"8"
9702,"7"
9703,"4"
9704,"8"
9705,"8"
9706,"7"
9707,"4"
9708,"7"
9709,"8"
9710,"1"
9711,"6"
9712,"5"
9713,"1"
9714,"3"
9715,"9"
9716,"9"
9717,"7"
9718,"6"
9719,"7"
9720,"7"
9721,"9"
9722,"6"
9723,"8"
9724,"5"
9725,"5"
9726,"4"
9727,"8"
9728,"2"
9729,"6"
9730,"9"
9731,"8"
9732,"5"
9733,"7"
9734,"5"
9735,"8"
9736,"7"
9737,"8"
9738,"7"
9739,"8"
9740,"7"
9741,"8"
9742,"8"
9743,"8"
9744,"8"
9745,"9"
9746,"7"
9747,"8"
9748,"9"
9749,"9"
9750,"5"
9751,"7"
9752,"5"
9753,"9"
9754,"1"
9755,"7"
9756,"8"
9757,"3"
9758,"7"
9759,"5"
9760,"8"
9761,"6"
9762,"8"
9763,"4"
9764,"8"
9765,"8"
9766,"8"
9767,"6"
9768,"5"
9769,"8"
9770,"9"
9771,"9"
9772,"9"
9773,"7"
9774,"7"
9775,"7"
9776,"8"
9777,"8"
9778,"9"
9779,"8"
9780,"7"
9781,"9"
9782,"7"
9783,"1"
9784,"4"
9785,"8"
9786,"5"
9787,"5"
9788,"8"
9789,"6"
9790,"5"
9791,"7"
9792,"4"
9793,"9"
9794,"5"
9795,"9"
9796,"6"
9797,"8"
9798,"3"
9799,"9"
9800,"3"
9801,"9"
9802,"9"
9803,"9"
9804,"5"
9805,"6"
9806,"8"
9807,"8"
9808,"8"
9809,"6"
9810,"9"
9811,"8"
9812,"9"
9813,"8"
9814,"8"
9815,"6"
9816,"8"
9817,"6"
9818,"1"
9819,"6"
9820,"4"
9821,"8"
9822,"7"
9823,"8"
9824,"4"
9825,"7"
9826,"7"
9827,"7"
9828,"6"
9829,"3"
9830,"7"
9831,"7"
9832,"8"
9833,"9"
9834,"9"
9835,"8"
9836,"6"
9837,"8"
9838,"6"
9839,"8"
9840,"9"
9841,"7"
9842,"6"
9843,"6"
9844,"5"
9845,"8"
9846,"9"
9847,"9"
9848,"9"
9849,"3"
9850,"7"
9851,"9"
9852,"3"
9853,"7"
9854,"7"
9855,"7"
9856,"8"
9857,"8"
9858,"8"
9859,"6"
9860,"6"
9861,"5"
9862,"7"
9863,"7"
9864,"8"
9865,"8"
9866,"4"
9867,"3"
9868,"9"
9869,"8"
9870,"8"
9871,"2"
9872,"3"
9873,"6"
9874,"7"
9875,"9"
9876,"6"
9877,"9"
9878,"3"
9879,"6"
9880,"4"
9881,"9"
9882,"8"
9883,"5"
9884,"3"
9885,"6"
9886,"6"
9887,"3"
9888,"9"
9889,"8"
9890,"9"
9891,"5"
9892,"9"
9893,"5"
9894,"6"
9895,"8"
9896,"7"
9897,"8"
9898,"9"
9899,"6"
9900,"6"
9901,"7"
9902,"9"
9903,"8"
9904,"9"
9905,"4"
9906,"7"
9907,"6"
9908,"4"
9909,"8"
9910,"6"
9911,"8"
9912,"9"
9913,"3"
9914,"9"
9915,"6"
9916,"9"
9917,"9"
9918,"9"
9919,"7"
9920,"9"
9921,"5"
9922,"9"
9923,"6"
9924,"3"
9925,"7"
9926,"8"
9927,"9"
9928,"9"
9929,"9"
9930,"8"
9931,"8"
9932,"6"
9933,"4"
9934,"7"
9935,"4"
9936,"7"
9937,"9"
9938,"9"
9939,"8"
9940,"9"
9941,"5"
9942,"3"
9943,"3"
9944,"7"
9945,"3"
9946,"8"
9947,"9"
9948,"6"
9949,"3"
9950,"7"
9951,"8"
9952,"3"
9953,"7"
9954,"8"
9955,"9"
9956,"8"
9957,"9"
9958,"5"
9959,"5"
9960,"8"
9961,"2"
9962,"4"
9963,"8"
9964,"8"
9965,"7"
9966,"9"
9967,"8"
9968,"8"
9969,"4"
9970,"9"
9971,"7"
9972,"2"
9973,"9"
9974,"9"
9975,"9"
9976,"4"
9977,"8"
9978,"5"
9979,"8"
9980,"7"
9981,"7"
9982,"8"
9983,"8"
9984,"9"
9985,"9"
9986,"9"
9987,"7"
9988,"3"
9989,"5"
9990,"7"
9991,"6"
9992,"9"
9993,"7"
9994,"3"
9995,"7"
9996,"9"
9997,"7"
9998,"6"
9999,"8"
